producto,presentacion,marca,categoria,catalogo,precio,fecha_registro,cadena_comercial,giro,nombre_comercial,direccion,estado,municipio,latitud,longitud
Acelga,Manojo,S/M,Hortalizas Frescas,Frutas y Legumbres,10.9,2026/07/17,La Comer,Supermercado / Tienda de Autoservicio,Lacomer Sucursal el Olivar,De las Torres 446. Entre San Pablo y San Pedro. Col. San Jose del Olivar. Cp. 01770,Ciudad de México,Álvaro Obregón,19.33546,-99.227253
Aguacate,1 Kg. Granel. Hass,S/M,Frutas Frescas,Frutas y Legumbres,98.5,2026/07/17,La Comer,Supermercado / Tienda de Autoservicio,Lacomer Sucursal el Olivar,De las Torres 446. Entre San Pablo y San Pedro. Col. San Jose del Olivar. Cp. 01770,Ciudad de México,Álvaro Obregón,19.33546,-99.227253
Alcachofa,1 Kg. Granel,S/M,Hortalizas Frescas,Frutas y Legumbres,185,2026/07/17,La Comer,Supermercado / Tienda de Autoservicio,Lacomer Sucursal el Olivar,De las Torres 446. Entre San Pablo y San Pedro. Col. San Jose del Olivar. Cp. 01770,Ciudad de México,Álvaro Obregón,19.33546,-99.227253
Apio,1 Kg. Granel,S/M,Hortalizas Frescas,Frutas y Legumbres,28.9,2026/07/17,La Comer,Supermercado / Tienda de Autoservicio,Lacomer Sucursal el Olivar,De las Torres 446. Entre San Pablo y San Pedro. Col. San Jose del Olivar. Cp. 01770,Ciudad de México,Álvaro Obregón,19.33546,-99.227253
Betabel,1 Kg. Granel,S/M,Hortalizas Frescas,Frutas y Legumbres,32.9,2026/07/17,La Comer,Supermercado / Tienda de Autoservicio,Lacomer Sucursal el Olivar,De las Torres 446. Entre San Pablo y San Pedro. Col. San Jose del Olivar. Cp. 01770,Ciudad de México,Álvaro Obregón,19.33546,-99.227253
Brócoli,1 Kg. Granel,S/M,Hortalizas Frescas,Frutas y Legumbres,42.9,2026/07/17,La Comer,Supermercado / Tienda de Autoservicio,Lacomer Sucursal el Olivar,De las Torres 446. Entre San Pablo y San Pedro. Col. San Jose del Olivar. Cp. 01770,Ciudad de México,Álvaro Obregón,19.33546,-99.227253
Calabaza,1 Kg. Granel. Italiana/japonesa (Larga),S/M,Hortalizas Frescas,Frutas y Legumbres,39.9,2026/07/17,La Comer,Supermercado / Tienda de Autoservicio,Lacomer Sucursal el Olivar,De las Torres 446. Entre San Pablo y San Pedro. Col. San Jose del Olivar. Cp. 01770,Ciudad de México,Álvaro Obregón,19.33546,-99.227253
Cebolla,1 Kg. Granel. Blanca Sin Rabo,S/M,Hortalizas Frescas,Frutas y Legumbres,32.9,2026/07/17,La Comer,Supermercado / Tienda de Autoservicio,Lacomer Sucursal el Olivar,De las Torres 446. Entre San Pablo y San Pedro. Col. San Jose del Olivar. Cp. 01770,Ciudad de México,Álvaro Obregón,19.33546,-99.227253
Cebolla,1 Kg. Granel. Morada,S/M,Hortalizas Frescas,Frutas y Legumbres,36.9,2026/07/17,La Comer,Supermercado / Tienda de Autoservicio,Lacomer Sucursal el Olivar,De las Torres 446. Entre San Pablo y San Pedro. Col. San Jose del Olivar. Cp. 01770,Ciudad de México,Álvaro Obregón,19.33546,-99.227253
Cebolla,Manojo. Cambray,S/M,Hortalizas Frescas,Frutas y Legumbres,10.9,2026/07/17,La Comer,Supermercado / Tienda de Autoservicio,Lacomer Sucursal el Olivar,De las Torres 446. Entre San Pablo y San Pedro. Col. San Jose del Olivar. Cp. 01770,Ciudad de México,Álvaro Obregón,19.33546,-99.227253
Champiñones,1 Kg. Granel,S/M,Hortalizas Frescas,Frutas y Legumbres,125,2026/07/17,La Comer,Supermercado / Tienda de Autoservicio,Lacomer Sucursal el Olivar,De las Torres 446. Entre San Pablo y San Pedro. Col. San Jose del Olivar. Cp. 01770,Ciudad de México,Álvaro Obregón,19.33546,-99.227253
Chayote,1 Kg. Granel. Sin Espinas,S/M,Hortalizas Frescas,Frutas y Legumbres,28.9,2026/07/17,La Comer,Supermercado / Tienda de Autoservicio,Lacomer Sucursal el Olivar,De las Torres 446. Entre San Pablo y San Pedro. Col. San Jose del Olivar. Cp. 01770,Ciudad de México,Álvaro Obregón,19.33546,-99.227253
Chile Fresco,1 Kg. Granel. Habanero,S/M,Hortalizas Frescas,Frutas y Legumbres,135,2026/07/17,La Comer,Supermercado / Tienda de Autoservicio,Lacomer Sucursal el Olivar,De las Torres 446. Entre San Pablo y San Pedro. Col. San Jose del Olivar. Cp. 01770,Ciudad de México,Álvaro Obregón,19.33546,-99.227253
Chile Fresco,1 Kg. Granel. Jalapeño o Cuaresmeño,S/M,Hortalizas Frescas,Frutas y Legumbres,5.7,2026/07/17,La Comer,Supermercado / Tienda de Autoservicio,Lacomer Sucursal el Olivar,De las Torres 446. Entre San Pablo y San Pedro. Col. San Jose del Olivar. Cp. 01770,Ciudad de México,Álvaro Obregón,19.33546,-99.227253
Chile Fresco,1 Kg. Granel. Poblano o para Rellenar,S/M,Hortalizas Frescas,Frutas y Legumbres,49.9,2026/07/17,La Comer,Supermercado / Tienda de Autoservicio,Lacomer Sucursal el Olivar,De las Torres 446. Entre San Pablo y San Pedro. Col. San Jose del Olivar. Cp. 01770,Ciudad de México,Álvaro Obregón,19.33546,-99.227253
Chile Fresco,1 Kg. Granel. Serrano,S/M,Hortalizas Frescas,Frutas y Legumbres,49.9,2026/07/17,La Comer,Supermercado / Tienda de Autoservicio,Lacomer Sucursal el Olivar,De las Torres 446. Entre San Pablo y San Pedro. Col. San Jose del Olivar. Cp. 01770,Ciudad de México,Álvaro Obregón,19.33546,-99.227253
Cilantro,Manojo,S/M,Hortalizas Frescas,Frutas y Legumbres,10.9,2026/07/17,La Comer,Supermercado / Tienda de Autoservicio,Lacomer Sucursal el Olivar,De las Torres 446. Entre San Pablo y San Pedro. Col. San Jose del Olivar. Cp. 01770,Ciudad de México,Álvaro Obregón,19.33546,-99.227253
Ciruela,1 Kg. Granel. Roja Moscatel,S/M,Frutas Frescas,Frutas y Legumbres,79.9,2026/07/17,La Comer,Supermercado / Tienda de Autoservicio,Lacomer Sucursal el Olivar,De las Torres 446. Entre San Pablo y San Pedro. Col. San Jose del Olivar. Cp. 01770,Ciudad de México,Álvaro Obregón,19.33546,-99.227253
Col,1 Kg. Granel. Blanca o Repollo,S/M,Hortalizas Frescas,Frutas y Legumbres,32.9,2026/07/17,La Comer,Supermercado / Tienda de Autoservicio,Lacomer Sucursal el Olivar,De las Torres 446. Entre San Pablo y San Pedro. Col. San Jose del Olivar. Cp. 01770,Ciudad de México,Álvaro Obregón,19.33546,-99.227253
Col,1 Kg. Granel. Morada,S/M,Hortalizas Frescas,Frutas y Legumbres,37.1,2026/07/17,La Comer,Supermercado / Tienda de Autoservicio,Lacomer Sucursal el Olivar,De las Torres 446. Entre San Pablo y San Pedro. Col. San Jose del Olivar. Cp. 01770,Ciudad de México,Álvaro Obregón,19.33546,-99.227253
Ejote,1 Kg. Granel. Verde,S/M,Hortalizas Frescas,Frutas y Legumbres,49.9,2026/07/17,La Comer,Supermercado / Tienda de Autoservicio,Lacomer Sucursal el Olivar,De las Torres 446. Entre San Pablo y San Pedro. Col. San Jose del Olivar. Cp. 01770,Ciudad de México,Álvaro Obregón,19.33546,-99.227253
Elote,Pieza,S/M,Hortalizas Frescas,Frutas y Legumbres,10.9,2026/07/17,La Comer,Supermercado / Tienda de Autoservicio,Lacomer Sucursal el Olivar,De las Torres 446. Entre San Pablo y San Pedro. Col. San Jose del Olivar. Cp. 01770,Ciudad de México,Álvaro Obregón,19.33546,-99.227253
Espinacas,Manojo,S/M,Hortalizas Frescas,Frutas y Legumbres,10.9,2026/07/17,La Comer,Supermercado / Tienda de Autoservicio,Lacomer Sucursal el Olivar,De las Torres 446. Entre San Pablo y San Pedro. Col. San Jose del Olivar. Cp. 01770,Ciudad de México,Álvaro Obregón,19.33546,-99.227253
Fresa,Paquete o Canastilla 454 Gr.,S/M,Frutas Frescas,Frutas y Legumbres,79.9,2026/07/17,La Comer,Supermercado / Tienda de Autoservicio,Lacomer Sucursal el Olivar,De las Torres 446. Entre San Pablo y San Pedro. Col. San Jose del Olivar. Cp. 01770,Ciudad de México,Álvaro Obregón,19.33546,-99.227253
Guayaba,1 Kg. Granel,S/M,Frutas Frescas,Frutas y Legumbres,49.9,2026/07/17,La Comer,Supermercado / Tienda de Autoservicio,Lacomer Sucursal el Olivar,De las Torres 446. Entre San Pablo y San Pedro. Col. San Jose del Olivar. Cp. 01770,Ciudad de México,Álvaro Obregón,19.33546,-99.227253
Jícama,1 Kg. Granel,S/M,Productos de Temporada (Navideños),Frutas y Legumbres,29.9,2026/07/17,La Comer,Supermercado / Tienda de Autoservicio,Lacomer Sucursal el Olivar,De las Torres 446. Entre San Pablo y San Pedro. Col. San Jose del Olivar. Cp. 01770,Ciudad de México,Álvaro Obregón,19.33546,-99.227253
Jitomate,1 Kg. Granel. Bola/sinaloa o Tomate Bola,S/M,Hortalizas Frescas,Frutas y Legumbres,69.9,2026/07/17,La Comer,Supermercado / Tienda de Autoservicio,Lacomer Sucursal el Olivar,De las Torres 446. Entre San Pablo y San Pedro. Col. San Jose del Olivar. Cp. 01770,Ciudad de México,Álvaro Obregón,19.33546,-99.227253
Jitomate,1 Kg. Granel. Saladette/huaje o Tomate Saladette/huaje,S/M,Hortalizas Frescas,Frutas y Legumbres,25.9,2026/07/17,La Comer,Supermercado / Tienda de Autoservicio,Lacomer Sucursal el Olivar,De las Torres 446. Entre San Pablo y San Pedro. Col. San Jose del Olivar. Cp. 01770,Ciudad de México,Álvaro Obregón,19.33546,-99.227253
Kiwi,1 Kg. Granel,S/M,Frutas Frescas,Frutas y Legumbres,120,2026/07/17,La Comer,Supermercado / Tienda de Autoservicio,Lacomer Sucursal el Olivar,De las Torres 446. Entre San Pablo y San Pedro. Col. San Jose del Olivar. Cp. 01770,Ciudad de México,Álvaro Obregón,19.33546,-99.227253
Lechuga,Pieza. Romana,S/M,Hortalizas Frescas,Frutas y Legumbres,25.9,2026/07/17,La Comer,Supermercado / Tienda de Autoservicio,Lacomer Sucursal el Olivar,De las Torres 446. Entre San Pablo y San Pedro. Col. San Jose del Olivar. Cp. 01770,Ciudad de México,Álvaro Obregón,19.33546,-99.227253
Limón,1 Kg. Granel. Agrio con Semilla o Colima,S/M,Frutas Frescas,Frutas y Legumbres,49.9,2026/07/17,La Comer,Supermercado / Tienda de Autoservicio,Lacomer Sucursal el Olivar,De las Torres 446. Entre San Pablo y San Pedro. Col. San Jose del Olivar. Cp. 01770,Ciudad de México,Álvaro Obregón,19.33546,-99.227253
Limón,1 Kg. Granel. Agrio Sin Semilla o Persa,S/M,Frutas Frescas,Frutas y Legumbres,21.9,2026/07/17,La Comer,Supermercado / Tienda de Autoservicio,Lacomer Sucursal el Olivar,De las Torres 446. Entre San Pablo y San Pedro. Col. San Jose del Olivar. Cp. 01770,Ciudad de México,Álvaro Obregón,19.33546,-99.227253
Mamey,1 Kg. Granel,S/M,Frutas Frescas,Frutas y Legumbres,45.9,2026/07/17,La Comer,Supermercado / Tienda de Autoservicio,Lacomer Sucursal el Olivar,De las Torres 446. Entre San Pablo y San Pedro. Col. San Jose del Olivar. Cp. 01770,Ciudad de México,Álvaro Obregón,19.33546,-99.227253
Mango,1 Kg. Granel. Ataulfo,S/M,Frutas Frescas,Frutas y Legumbres,49.9,2026/07/17,La Comer,Supermercado / Tienda de Autoservicio,Lacomer Sucursal el Olivar,De las Torres 446. Entre San Pablo y San Pedro. Col. San Jose del Olivar. Cp. 01770,Ciudad de México,Álvaro Obregón,19.33546,-99.227253
Mango,1 Kg. Granel. Manila,S/M,Frutas Frescas,Frutas y Legumbres,59.9,2026/07/17,La Comer,Supermercado / Tienda de Autoservicio,Lacomer Sucursal el Olivar,De las Torres 446. Entre San Pablo y San Pedro. Col. San Jose del Olivar. Cp. 01770,Ciudad de México,Álvaro Obregón,19.33546,-99.227253
Mango,1 Kg. Granel. Paraiso Petacón,S/M,Frutas Frescas,Frutas y Legumbres,32.9,2026/07/17,La Comer,Supermercado / Tienda de Autoservicio,Lacomer Sucursal el Olivar,De las Torres 446. Entre San Pablo y San Pedro. Col. San Jose del Olivar. Cp. 01770,Ciudad de México,Álvaro Obregón,19.33546,-99.227253
Manzana,1 Kg. Granel. Granny Smith,S/M,Frutas Frescas,Frutas y Legumbres,49.9,2026/07/17,La Comer,Supermercado / Tienda de Autoservicio,Lacomer Sucursal el Olivar,De las Torres 446. Entre San Pablo y San Pedro. Col. San Jose del Olivar. Cp. 01770,Ciudad de México,Álvaro Obregón,19.33546,-99.227253
Manzana,1 Kg. Granel. Red Delicious/roja/roja Mediana/roja Americana,S/M,Frutas Frescas,Frutas y Legumbres,39.9,2026/07/17,La Comer,Supermercado / Tienda de Autoservicio,Lacomer Sucursal el Olivar,De las Torres 446. Entre San Pablo y San Pedro. Col. San Jose del Olivar. Cp. 01770,Ciudad de México,Álvaro Obregón,19.33546,-99.227253
Manzana,1 Kg. Granel. Royal Gala,S/M,Frutas Frescas,Frutas y Legumbres,59.9,2026/07/17,La Comer,Supermercado / Tienda de Autoservicio,Lacomer Sucursal el Olivar,De las Torres 446. Entre San Pablo y San Pedro. Col. San Jose del Olivar. Cp. 01770,Ciudad de México,Álvaro Obregón,19.33546,-99.227253
Melón,1 Kg. Granel. Chino,S/M,Frutas Frescas,Frutas y Legumbres,38.9,2026/07/17,La Comer,Supermercado / Tienda de Autoservicio,Lacomer Sucursal el Olivar,De las Torres 446. Entre San Pablo y San Pedro. Col. San Jose del Olivar. Cp. 01770,Ciudad de México,Álvaro Obregón,19.33546,-99.227253
Naranja,1 Kg. Granel. Valencia,S/M,Frutas Frescas,Frutas y Legumbres,39.9,2026/07/17,La Comer,Supermercado / Tienda de Autoservicio,Lacomer Sucursal el Olivar,De las Torres 446. Entre San Pablo y San Pedro. Col. San Jose del Olivar. Cp. 01770,Ciudad de México,Álvaro Obregón,19.33546,-99.227253
Papa,1 Kg. Granel. Alfa/blanca,S/M,Hortalizas Frescas,Frutas y Legumbres,52.9,2026/07/17,La Comer,Supermercado / Tienda de Autoservicio,Lacomer Sucursal el Olivar,De las Torres 446. Entre San Pablo y San Pedro. Col. San Jose del Olivar. Cp. 01770,Ciudad de México,Álvaro Obregón,19.33546,-99.227253
Papaya,1 Kg. Granel. Maradol,S/M,Frutas Frescas,Frutas y Legumbres,39.9,2026/07/17,La Comer,Supermercado / Tienda de Autoservicio,Lacomer Sucursal el Olivar,De las Torres 446. Entre San Pablo y San Pedro. Col. San Jose del Olivar. Cp. 01770,Ciudad de México,Álvaro Obregón,19.33546,-99.227253
Pepino,1 Kg. Granel,S/M,Hortalizas Frescas,Frutas y Legumbres,36.9,2026/07/17,La Comer,Supermercado / Tienda de Autoservicio,Lacomer Sucursal el Olivar,De las Torres 446. Entre San Pablo y San Pedro. Col. San Jose del Olivar. Cp. 01770,Ciudad de México,Álvaro Obregón,19.33546,-99.227253
Pera,1 Kg. Granel. D´anjou,S/M,Frutas Frescas,Frutas y Legumbres,69.9,2026/07/17,La Comer,Supermercado / Tienda de Autoservicio,Lacomer Sucursal el Olivar,De las Torres 446. Entre San Pablo y San Pedro. Col. San Jose del Olivar. Cp. 01770,Ciudad de México,Álvaro Obregón,19.33546,-99.227253
Pimiento,1 Kg. Granel. Morrón Verde,S/M,Hortalizas Frescas,Frutas y Legumbres,98.5,2026/07/17,La Comer,Supermercado / Tienda de Autoservicio,Lacomer Sucursal el Olivar,De las Torres 446. Entre San Pablo y San Pedro. Col. San Jose del Olivar. Cp. 01770,Ciudad de México,Álvaro Obregón,19.33546,-99.227253
Piña,1 Kg. Granel. Miel,S/M,Frutas Frescas,Frutas y Legumbres,29.9,2026/07/17,La Comer,Supermercado / Tienda de Autoservicio,Lacomer Sucursal el Olivar,De las Torres 446. Entre San Pablo y San Pedro. Col. San Jose del Olivar. Cp. 01770,Ciudad de México,Álvaro Obregón,19.33546,-99.227253
Plátano,1 Kg. Granel. Macho,S/M,Frutas Frescas,Frutas y Legumbres,43.9,2026/07/17,La Comer,Supermercado / Tienda de Autoservicio,Lacomer Sucursal el Olivar,De las Torres 446. Entre San Pablo y San Pedro. Col. San Jose del Olivar. Cp. 01770,Ciudad de México,Álvaro Obregón,19.33546,-99.227253
Plátano,1 Kg. Granel. Tabasco/chiapas/roatán/portalimón,S/M,Frutas Frescas,Frutas y Legumbres,26.9,2026/07/17,La Comer,Supermercado / Tienda de Autoservicio,Lacomer Sucursal el Olivar,De las Torres 446. Entre San Pablo y San Pedro. Col. San Jose del Olivar. Cp. 01770,Ciudad de México,Álvaro Obregón,19.33546,-99.227253
Rábano,Manojo. Cambray,S/M,Hortalizas Frescas,Frutas y Legumbres,18.9,2026/07/17,La Comer,Supermercado / Tienda de Autoservicio,Lacomer Sucursal el Olivar,De las Torres 446. Entre San Pablo y San Pedro. Col. San Jose del Olivar. Cp. 01770,Ciudad de México,Álvaro Obregón,19.33546,-99.227253
Sandía,1 Kg. Granel. Charleston. Rayada o Roja,S/M,Frutas Frescas,Frutas y Legumbres,15.9,2026/07/17,La Comer,Supermercado / Tienda de Autoservicio,Lacomer Sucursal el Olivar,De las Torres 446. Entre San Pablo y San Pedro. Col. San Jose del Olivar. Cp. 01770,Ciudad de México,Álvaro Obregón,19.33546,-99.227253
Tomate,1 Kg. Granel. Verde Sin Cáscara,S/M,Hortalizas Frescas,Frutas y Legumbres,38.9,2026/07/17,La Comer,Supermercado / Tienda de Autoservicio,Lacomer Sucursal el Olivar,De las Torres 446. Entre San Pablo y San Pedro. Col. San Jose del Olivar. Cp. 01770,Ciudad de México,Álvaro Obregón,19.33546,-99.227253
Toronja,1 Kg. Granel. o Toronja Sangría,S/M,Frutas Frescas,Frutas y Legumbres,39.9,2026/07/17,La Comer,Supermercado / Tienda de Autoservicio,Lacomer Sucursal el Olivar,De las Torres 446. Entre San Pablo y San Pedro. Col. San Jose del Olivar. Cp. 01770,Ciudad de México,Álvaro Obregón,19.33546,-99.227253
Tuna,1 Kg. Granel. o Tuna Blanca,S/M,Frutas Frescas,Frutas y Legumbres,45.9,2026/07/17,La Comer,Supermercado / Tienda de Autoservicio,Lacomer Sucursal el Olivar,De las Torres 446. Entre San Pablo y San Pedro. Col. San Jose del Olivar. Cp. 01770,Ciudad de México,Álvaro Obregón,19.33546,-99.227253
Uva,1 Kg. Granel. Thompson. Blanca Sin Semilla,S/M,Frutas Frescas,Frutas y Legumbres,135,2026/07/17,La Comer,Supermercado / Tienda de Autoservicio,Lacomer Sucursal el Olivar,De las Torres 446. Entre San Pablo y San Pedro. Col. San Jose del Olivar. Cp. 01770,Ciudad de México,Álvaro Obregón,19.33546,-99.227253
Verdolaga,Manojo,S/M,Hortalizas Frescas,Frutas y Legumbres,23.9,2026/07/17,La Comer,Supermercado / Tienda de Autoservicio,Lacomer Sucursal el Olivar,De las Torres 446. Entre San Pablo y San Pedro. Col. San Jose del Olivar. Cp. 01770,Ciudad de México,Álvaro Obregón,19.33546,-99.227253
Zanahoria,1 Kg. Granel. Grande,S/M,Hortalizas Frescas,Frutas y Legumbres,18.9,2026/07/17,La Comer,Supermercado / Tienda de Autoservicio,Lacomer Sucursal el Olivar,De las Torres 446. Entre San Pablo y San Pedro. Col. San Jose del Olivar. Cp. 01770,Ciudad de México,Álvaro Obregón,19.33546,-99.227253
Zanahoria,1 Kg. Granel. Mediana,S/M,Hortalizas Frescas,Frutas y Legumbres,18.9,2026/07/17,La Comer,Supermercado / Tienda de Autoservicio,Lacomer Sucursal el Olivar,De las Torres 446. Entre San Pablo y San Pedro. Col. San Jose del Olivar. Cp. 01770,Ciudad de México,Álvaro Obregón,19.33546,-99.227253
Aguacate,1 Kg. Granel. Hass,S/M,Frutas Frescas,Frutas y Legumbres,98.5,2026/07/17,Sumesa,Supermercado / Tienda de Autoservicio,Sumesa Sucursal San Angel,Cracovia 97 Esq. Revolucion. Col. San Angel. Cp. 01000,Ciudad de México,Álvaro Obregón,19.348299,-99.190362
Apio,1 Kg. Granel,S/M,Hortalizas Frescas,Frutas y Legumbres,28.9,2026/07/17,Sumesa,Supermercado / Tienda de Autoservicio,Sumesa Sucursal San Angel,Cracovia 97 Esq. Revolucion. Col. San Angel. Cp. 01000,Ciudad de México,Álvaro Obregón,19.348299,-99.190362
Betabel,1 Kg. Granel,S/M,Hortalizas Frescas,Frutas y Legumbres,32.9,2026/07/17,Sumesa,Supermercado / Tienda de Autoservicio,Sumesa Sucursal San Angel,Cracovia 97 Esq. Revolucion. Col. San Angel. Cp. 01000,Ciudad de México,Álvaro Obregón,19.348299,-99.190362
Brócoli,1 Kg. Granel,S/M,Hortalizas Frescas,Frutas y Legumbres,42.9,2026/07/17,Sumesa,Supermercado / Tienda de Autoservicio,Sumesa Sucursal San Angel,Cracovia 97 Esq. Revolucion. Col. San Angel. Cp. 01000,Ciudad de México,Álvaro Obregón,19.348299,-99.190362
Calabaza,1 Kg. Granel. Italiana/japonesa (Larga),S/M,Hortalizas Frescas,Frutas y Legumbres,39.9,2026/07/17,Sumesa,Supermercado / Tienda de Autoservicio,Sumesa Sucursal San Angel,Cracovia 97 Esq. Revolucion. Col. San Angel. Cp. 01000,Ciudad de México,Álvaro Obregón,19.348299,-99.190362
Cebolla,1 Kg. Granel. Blanca Sin Rabo,S/M,Hortalizas Frescas,Frutas y Legumbres,32.9,2026/07/17,Sumesa,Supermercado / Tienda de Autoservicio,Sumesa Sucursal San Angel,Cracovia 97 Esq. Revolucion. Col. San Angel. Cp. 01000,Ciudad de México,Álvaro Obregón,19.348299,-99.190362
Cebolla,1 Kg. Granel. Morada,S/M,Hortalizas Frescas,Frutas y Legumbres,36.9,2026/07/17,Sumesa,Supermercado / Tienda de Autoservicio,Sumesa Sucursal San Angel,Cracovia 97 Esq. Revolucion. Col. San Angel. Cp. 01000,Ciudad de México,Álvaro Obregón,19.348299,-99.190362
Cebolla,Manojo. Cambray,S/M,Hortalizas Frescas,Frutas y Legumbres,10.9,2026/07/17,Sumesa,Supermercado / Tienda de Autoservicio,Sumesa Sucursal San Angel,Cracovia 97 Esq. Revolucion. Col. San Angel. Cp. 01000,Ciudad de México,Álvaro Obregón,19.348299,-99.190362
Chayote,1 Kg. Granel. Sin Espinas,S/M,Hortalizas Frescas,Frutas y Legumbres,32.9,2026/07/17,Sumesa,Supermercado / Tienda de Autoservicio,Sumesa Sucursal San Angel,Cracovia 97 Esq. Revolucion. Col. San Angel. Cp. 01000,Ciudad de México,Álvaro Obregón,19.348299,-99.190362
Chícharos,1 Kg. Granel. en Vaina,S/M,Hortalizas Frescas,Frutas y Legumbres,89.9,2026/07/17,Sumesa,Supermercado / Tienda de Autoservicio,Sumesa Sucursal San Angel,Cracovia 97 Esq. Revolucion. Col. San Angel. Cp. 01000,Ciudad de México,Álvaro Obregón,19.348299,-99.190362
Chile Fresco,1 Kg. Granel. de Árbol Verde,S/M,Hortalizas Frescas,Frutas y Legumbres,169,2026/07/17,Sumesa,Supermercado / Tienda de Autoservicio,Sumesa Sucursal San Angel,Cracovia 97 Esq. Revolucion. Col. San Angel. Cp. 01000,Ciudad de México,Álvaro Obregón,19.348299,-99.190362
Chile Fresco,1 Kg. Granel. Jalapeño o Cuaresmeño,S/M,Hortalizas Frescas,Frutas y Legumbres,5.7,2026/07/17,Sumesa,Supermercado / Tienda de Autoservicio,Sumesa Sucursal San Angel,Cracovia 97 Esq. Revolucion. Col. San Angel. Cp. 01000,Ciudad de México,Álvaro Obregón,19.348299,-99.190362
Chile Fresco,1 Kg. Granel. Poblano o para Rellenar,S/M,Hortalizas Frescas,Frutas y Legumbres,49.9,2026/07/17,Sumesa,Supermercado / Tienda de Autoservicio,Sumesa Sucursal San Angel,Cracovia 97 Esq. Revolucion. Col. San Angel. Cp. 01000,Ciudad de México,Álvaro Obregón,19.348299,-99.190362
Chile Fresco,1 Kg. Granel. Serrano,S/M,Hortalizas Frescas,Frutas y Legumbres,49.9,2026/07/17,Sumesa,Supermercado / Tienda de Autoservicio,Sumesa Sucursal San Angel,Cracovia 97 Esq. Revolucion. Col. San Angel. Cp. 01000,Ciudad de México,Álvaro Obregón,19.348299,-99.190362
Col,1 Kg. Granel. Blanca o Repollo,S/M,Hortalizas Frescas,Frutas y Legumbres,32.9,2026/07/17,Sumesa,Supermercado / Tienda de Autoservicio,Sumesa Sucursal San Angel,Cracovia 97 Esq. Revolucion. Col. San Angel. Cp. 01000,Ciudad de México,Álvaro Obregón,19.348299,-99.190362
Col,1 Kg. Granel. Morada,S/M,Hortalizas Frescas,Frutas y Legumbres,37.1,2026/07/17,Sumesa,Supermercado / Tienda de Autoservicio,Sumesa Sucursal San Angel,Cracovia 97 Esq. Revolucion. Col. San Angel. Cp. 01000,Ciudad de México,Álvaro Obregón,19.348299,-99.190362
Ejote,1 Kg. Granel. Verde,S/M,Hortalizas Frescas,Frutas y Legumbres,49.9,2026/07/17,Sumesa,Supermercado / Tienda de Autoservicio,Sumesa Sucursal San Angel,Cracovia 97 Esq. Revolucion. Col. San Angel. Cp. 01000,Ciudad de México,Álvaro Obregón,19.348299,-99.190362
Elote,Pieza,S/M,Hortalizas Frescas,Frutas y Legumbres,10.9,2026/07/17,Sumesa,Supermercado / Tienda de Autoservicio,Sumesa Sucursal San Angel,Cracovia 97 Esq. Revolucion. Col. San Angel. Cp. 01000,Ciudad de México,Álvaro Obregón,19.348299,-99.190362
Espinacas,Manojo,S/M,Hortalizas Frescas,Frutas y Legumbres,10.9,2026/07/17,Sumesa,Supermercado / Tienda de Autoservicio,Sumesa Sucursal San Angel,Cracovia 97 Esq. Revolucion. Col. San Angel. Cp. 01000,Ciudad de México,Álvaro Obregón,19.348299,-99.190362
Fresa,Paquete o Canastilla 454 Gr.,S/M,Frutas Frescas,Frutas y Legumbres,79.9,2026/07/17,Sumesa,Supermercado / Tienda de Autoservicio,Sumesa Sucursal San Angel,Cracovia 97 Esq. Revolucion. Col. San Angel. Cp. 01000,Ciudad de México,Álvaro Obregón,19.348299,-99.190362
Jícama,1 Kg. Granel,S/M,Productos de Temporada (Navideños),Frutas y Legumbres,29.9,2026/07/17,Sumesa,Supermercado / Tienda de Autoservicio,Sumesa Sucursal San Angel,Cracovia 97 Esq. Revolucion. Col. San Angel. Cp. 01000,Ciudad de México,Álvaro Obregón,19.348299,-99.190362
Jitomate,1 Kg. Granel. Saladette/huaje o Tomate Saladette/huaje,S/M,Hortalizas Frescas,Frutas y Legumbres,25.9,2026/07/17,Sumesa,Supermercado / Tienda de Autoservicio,Sumesa Sucursal San Angel,Cracovia 97 Esq. Revolucion. Col. San Angel. Cp. 01000,Ciudad de México,Álvaro Obregón,19.348299,-99.190362
Kiwi,1 Kg. Granel,S/M,Frutas Frescas,Frutas y Legumbres,120,2026/07/17,Sumesa,Supermercado / Tienda de Autoservicio,Sumesa Sucursal San Angel,Cracovia 97 Esq. Revolucion. Col. San Angel. Cp. 01000,Ciudad de México,Álvaro Obregón,19.348299,-99.190362
Lechuga,Pieza. Romana,S/M,Hortalizas Frescas,Frutas y Legumbres,25.9,2026/07/17,Sumesa,Supermercado / Tienda de Autoservicio,Sumesa Sucursal San Angel,Cracovia 97 Esq. Revolucion. Col. San Angel. Cp. 01000,Ciudad de México,Álvaro Obregón,19.348299,-99.190362
Limón,1 Kg. Granel. Agrio con Semilla o Colima,S/M,Frutas Frescas,Frutas y Legumbres,49.9,2026/07/17,Sumesa,Supermercado / Tienda de Autoservicio,Sumesa Sucursal San Angel,Cracovia 97 Esq. Revolucion. Col. San Angel. Cp. 01000,Ciudad de México,Álvaro Obregón,19.348299,-99.190362
Limón,1 Kg. Granel. Agrio Sin Semilla o Persa,S/M,Frutas Frescas,Frutas y Legumbres,21.9,2026/07/17,Sumesa,Supermercado / Tienda de Autoservicio,Sumesa Sucursal San Angel,Cracovia 97 Esq. Revolucion. Col. San Angel. Cp. 01000,Ciudad de México,Álvaro Obregón,19.348299,-99.190362
Mango,1 Kg. Granel. Ataulfo,S/M,Frutas Frescas,Frutas y Legumbres,44.9,2026/07/17,Sumesa,Supermercado / Tienda de Autoservicio,Sumesa Sucursal San Angel,Cracovia 97 Esq. Revolucion. Col. San Angel. Cp. 01000,Ciudad de México,Álvaro Obregón,19.348299,-99.190362
Mango,1 Kg. Granel. Paraiso Petacón,S/M,Frutas Frescas,Frutas y Legumbres,32.9,2026/07/17,Sumesa,Supermercado / Tienda de Autoservicio,Sumesa Sucursal San Angel,Cracovia 97 Esq. Revolucion. Col. San Angel. Cp. 01000,Ciudad de México,Álvaro Obregón,19.348299,-99.190362
Manzana,1 Kg. Granel. Red Delicious/roja/roja Mediana/roja Americana,S/M,Frutas Frescas,Frutas y Legumbres,39.9,2026/07/17,Sumesa,Supermercado / Tienda de Autoservicio,Sumesa Sucursal San Angel,Cracovia 97 Esq. Revolucion. Col. San Angel. Cp. 01000,Ciudad de México,Álvaro Obregón,19.348299,-99.190362
Manzana,1 Kg. Granel. Royal Gala,S/M,Frutas Frescas,Frutas y Legumbres,59.9,2026/07/17,Sumesa,Supermercado / Tienda de Autoservicio,Sumesa Sucursal San Angel,Cracovia 97 Esq. Revolucion. Col. San Angel. Cp. 01000,Ciudad de México,Álvaro Obregón,19.348299,-99.190362
Melón,1 Kg. Granel. Chino,S/M,Frutas Frescas,Frutas y Legumbres,38.9,2026/07/17,Sumesa,Supermercado / Tienda de Autoservicio,Sumesa Sucursal San Angel,Cracovia 97 Esq. Revolucion. Col. San Angel. Cp. 01000,Ciudad de México,Álvaro Obregón,19.348299,-99.190362
Naranja,1 Kg. Granel. Valencia,S/M,Frutas Frescas,Frutas y Legumbres,39.9,2026/07/17,Sumesa,Supermercado / Tienda de Autoservicio,Sumesa Sucursal San Angel,Cracovia 97 Esq. Revolucion. Col. San Angel. Cp. 01000,Ciudad de México,Álvaro Obregón,19.348299,-99.190362
Nopal,1 Kg. Granel. Sin Espinas,S/M,Hortalizas Frescas,Frutas y Legumbres,32.9,2026/07/17,Sumesa,Supermercado / Tienda de Autoservicio,Sumesa Sucursal San Angel,Cracovia 97 Esq. Revolucion. Col. San Angel. Cp. 01000,Ciudad de México,Álvaro Obregón,19.348299,-99.190362
Papa,1 Kg. Granel. Alfa/blanca,S/M,Hortalizas Frescas,Frutas y Legumbres,52.9,2026/07/17,Sumesa,Supermercado / Tienda de Autoservicio,Sumesa Sucursal San Angel,Cracovia 97 Esq. Revolucion. Col. San Angel. Cp. 01000,Ciudad de México,Álvaro Obregón,19.348299,-99.190362
Papaya,1 Kg. Granel. Maradol,S/M,Frutas Frescas,Frutas y Legumbres,39.9,2026/07/17,Sumesa,Supermercado / Tienda de Autoservicio,Sumesa Sucursal San Angel,Cracovia 97 Esq. Revolucion. Col. San Angel. Cp. 01000,Ciudad de México,Álvaro Obregón,19.348299,-99.190362
Pera,1 Kg. Granel. D´anjou,S/M,Frutas Frescas,Frutas y Legumbres,69.9,2026/07/17,Sumesa,Supermercado / Tienda de Autoservicio,Sumesa Sucursal San Angel,Cracovia 97 Esq. Revolucion. Col. San Angel. Cp. 01000,Ciudad de México,Álvaro Obregón,19.348299,-99.190362
Pimiento,1 Kg. Granel. Morrón Verde,S/M,Hortalizas Frescas,Frutas y Legumbres,98.5,2026/07/17,Sumesa,Supermercado / Tienda de Autoservicio,Sumesa Sucursal San Angel,Cracovia 97 Esq. Revolucion. Col. San Angel. Cp. 01000,Ciudad de México,Álvaro Obregón,19.348299,-99.190362
Plátano,1 Kg. Granel. Macho,S/M,Frutas Frescas,Frutas y Legumbres,43.9,2026/07/17,Sumesa,Supermercado / Tienda de Autoservicio,Sumesa Sucursal San Angel,Cracovia 97 Esq. Revolucion. Col. San Angel. Cp. 01000,Ciudad de México,Álvaro Obregón,19.348299,-99.190362
Plátano,1 Kg. Granel. Tabasco/chiapas/roatán/portalimón,S/M,Frutas Frescas,Frutas y Legumbres,26.9,2026/07/17,Sumesa,Supermercado / Tienda de Autoservicio,Sumesa Sucursal San Angel,Cracovia 97 Esq. Revolucion. Col. San Angel. Cp. 01000,Ciudad de México,Álvaro Obregón,19.348299,-99.190362
Rábano,Manojo. Cambray,S/M,Hortalizas Frescas,Frutas y Legumbres,18.9,2026/07/17,Sumesa,Supermercado / Tienda de Autoservicio,Sumesa Sucursal San Angel,Cracovia 97 Esq. Revolucion. Col. San Angel. Cp. 01000,Ciudad de México,Álvaro Obregón,19.348299,-99.190362
Tomate,1 Kg. Granel. o Tomate Verde,S/M,Hortalizas Frescas,Frutas y Legumbres,29.5,2026/07/17,Sumesa,Supermercado / Tienda de Autoservicio,Sumesa Sucursal San Angel,Cracovia 97 Esq. Revolucion. Col. San Angel. Cp. 01000,Ciudad de México,Álvaro Obregón,19.348299,-99.190362
Tomate,1 Kg. Granel. Verde Sin Cáscara,S/M,Hortalizas Frescas,Frutas y Legumbres,38.9,2026/07/17,Sumesa,Supermercado / Tienda de Autoservicio,Sumesa Sucursal San Angel,Cracovia 97 Esq. Revolucion. Col. San Angel. Cp. 01000,Ciudad de México,Álvaro Obregón,19.348299,-99.190362
Uva,1 Kg. Granel. Roja Sin Semilla,S/M,Frutas Frescas,Frutas y Legumbres,135,2026/07/17,Sumesa,Supermercado / Tienda de Autoservicio,Sumesa Sucursal San Angel,Cracovia 97 Esq. Revolucion. Col. San Angel. Cp. 01000,Ciudad de México,Álvaro Obregón,19.348299,-99.190362
Zanahoria,1 Kg. Granel. Grande,S/M,Hortalizas Frescas,Frutas y Legumbres,18.9,2026/07/17,Sumesa,Supermercado / Tienda de Autoservicio,Sumesa Sucursal San Angel,Cracovia 97 Esq. Revolucion. Col. San Angel. Cp. 01000,Ciudad de México,Álvaro Obregón,19.348299,-99.190362
Zanahoria,1 Kg. Granel. Mediana,S/M,Hortalizas Frescas,Frutas y Legumbres,18.9,2026/07/17,Sumesa,Supermercado / Tienda de Autoservicio,Sumesa Sucursal San Angel,Cracovia 97 Esq. Revolucion. Col. San Angel. Cp. 01000,Ciudad de México,Álvaro Obregón,19.348299,-99.190362
Acelga,Manojo,S/M,Hortalizas Frescas,Frutas y Legumbres,12.9,2026/07/17,Wal-mart Express,Supermercado / Tienda de Autoservicio,Walmart Express Sucursal Unidad Av. Toluca,Toluca 511. Entre Privada de los Angeles y Cerrada de Seminario. Col. Olivar de los Padres. Cp. 01780,Ciudad de México,Álvaro Obregón,19.338921,-99.218854
Aguacate,1 Kg. Granel. Hass,S/M,Frutas Frescas,Frutas y Legumbres,64,2026/07/17,Wal-mart Express,Supermercado / Tienda de Autoservicio,Walmart Express Sucursal Unidad Av. Toluca,Toluca 511. Entre Privada de los Angeles y Cerrada de Seminario. Col. Olivar de los Padres. Cp. 01780,Ciudad de México,Álvaro Obregón,19.338921,-99.218854
Alcachofa,Pieza,S/M,Hortalizas Frescas,Frutas y Legumbres,65,2026/07/17,Wal-mart Express,Supermercado / Tienda de Autoservicio,Walmart Express Sucursal Unidad Av. Toluca,Toluca 511. Entre Privada de los Angeles y Cerrada de Seminario. Col. Olivar de los Padres. Cp. 01780,Ciudad de México,Álvaro Obregón,19.338921,-99.218854
Apio,1 Kg. Granel,S/M,Hortalizas Frescas,Frutas y Legumbres,39.9,2026/07/17,Wal-mart Express,Supermercado / Tienda de Autoservicio,Walmart Express Sucursal Unidad Av. Toluca,Toluca 511. Entre Privada de los Angeles y Cerrada de Seminario. Col. Olivar de los Padres. Cp. 01780,Ciudad de México,Álvaro Obregón,19.338921,-99.218854
Betabel,1 Kg. Granel,S/M,Hortalizas Frescas,Frutas y Legumbres,39.9,2026/07/17,Wal-mart Express,Supermercado / Tienda de Autoservicio,Walmart Express Sucursal Unidad Av. Toluca,Toluca 511. Entre Privada de los Angeles y Cerrada de Seminario. Col. Olivar de los Padres. Cp. 01780,Ciudad de México,Álvaro Obregón,19.338921,-99.218854
Brócoli,1 Kg. Granel,S/M,Hortalizas Frescas,Frutas y Legumbres,64,2026/07/17,Wal-mart Express,Supermercado / Tienda de Autoservicio,Walmart Express Sucursal Unidad Av. Toluca,Toluca 511. Entre Privada de los Angeles y Cerrada de Seminario. Col. Olivar de los Padres. Cp. 01780,Ciudad de México,Álvaro Obregón,19.338921,-99.218854
Calabaza,1 Kg. Granel. Italiana/japonesa (Larga),S/M,Hortalizas Frescas,Frutas y Legumbres,36.9,2026/07/17,Wal-mart Express,Supermercado / Tienda de Autoservicio,Walmart Express Sucursal Unidad Av. Toluca,Toluca 511. Entre Privada de los Angeles y Cerrada de Seminario. Col. Olivar de los Padres. Cp. 01780,Ciudad de México,Álvaro Obregón,19.338921,-99.218854
Cebolla,1 Kg. Granel. Blanca Sin Rabo,S/M,Hortalizas Frescas,Frutas y Legumbres,42,2026/07/17,Wal-mart Express,Supermercado / Tienda de Autoservicio,Walmart Express Sucursal Unidad Av. Toluca,Toluca 511. Entre Privada de los Angeles y Cerrada de Seminario. Col. Olivar de los Padres. Cp. 01780,Ciudad de México,Álvaro Obregón,19.338921,-99.218854
Cebolla,Manojo. Cambray,S/M,Hortalizas Frescas,Frutas y Legumbres,16.9,2026/07/17,Wal-mart Express,Supermercado / Tienda de Autoservicio,Walmart Express Sucursal Unidad Av. Toluca,Toluca 511. Entre Privada de los Angeles y Cerrada de Seminario. Col. Olivar de los Padres. Cp. 01780,Ciudad de México,Álvaro Obregón,19.338921,-99.218854
Champiñones,1 Kg. Granel,S/M,Hortalizas Frescas,Frutas y Legumbres,110,2026/07/17,Wal-mart Express,Supermercado / Tienda de Autoservicio,Walmart Express Sucursal Unidad Av. Toluca,Toluca 511. Entre Privada de los Angeles y Cerrada de Seminario. Col. Olivar de los Padres. Cp. 01780,Ciudad de México,Álvaro Obregón,19.338921,-99.218854
Chayote,1 Kg. Granel. Sin Espinas,S/M,Hortalizas Frescas,Frutas y Legumbres,39.9,2026/07/17,Wal-mart Express,Supermercado / Tienda de Autoservicio,Walmart Express Sucursal Unidad Av. Toluca,Toluca 511. Entre Privada de los Angeles y Cerrada de Seminario. Col. Olivar de los Padres. Cp. 01780,Ciudad de México,Álvaro Obregón,19.338921,-99.218854
Chícharos,1 Kg. Granel. en Vaina,S/M,Hortalizas Frescas,Frutas y Legumbres,79.9,2026/07/17,Wal-mart Express,Supermercado / Tienda de Autoservicio,Walmart Express Sucursal Unidad Av. Toluca,Toluca 511. Entre Privada de los Angeles y Cerrada de Seminario. Col. Olivar de los Padres. Cp. 01780,Ciudad de México,Álvaro Obregón,19.338921,-99.218854
Chile Fresco,1 Kg. Granel. de Árbol Verde,S/M,Hortalizas Frescas,Frutas y Legumbres,199,2026/07/17,Wal-mart Express,Supermercado / Tienda de Autoservicio,Walmart Express Sucursal Unidad Av. Toluca,Toluca 511. Entre Privada de los Angeles y Cerrada de Seminario. Col. Olivar de los Padres. Cp. 01780,Ciudad de México,Álvaro Obregón,19.338921,-99.218854
Chile Fresco,1 Kg. Granel. Guero-largo,S/M,Hortalizas Frescas,Frutas y Legumbres,133,2026/07/17,Wal-mart Express,Supermercado / Tienda de Autoservicio,Walmart Express Sucursal Unidad Av. Toluca,Toluca 511. Entre Privada de los Angeles y Cerrada de Seminario. Col. Olivar de los Padres. Cp. 01780,Ciudad de México,Álvaro Obregón,19.338921,-99.218854
Chile Fresco,1 Kg. Granel. Habanero,S/M,Hortalizas Frescas,Frutas y Legumbres,134,2026/07/17,Wal-mart Express,Supermercado / Tienda de Autoservicio,Walmart Express Sucursal Unidad Av. Toluca,Toluca 511. Entre Privada de los Angeles y Cerrada de Seminario. Col. Olivar de los Padres. Cp. 01780,Ciudad de México,Álvaro Obregón,19.338921,-99.218854
Chile Fresco,1 Kg. Granel. Jalapeño o Cuaresmeño,S/M,Hortalizas Frescas,Frutas y Legumbres,25,2026/07/17,Wal-mart Express,Supermercado / Tienda de Autoservicio,Walmart Express Sucursal Unidad Av. Toluca,Toluca 511. Entre Privada de los Angeles y Cerrada de Seminario. Col. Olivar de los Padres. Cp. 01780,Ciudad de México,Álvaro Obregón,19.338921,-99.218854
Chile Fresco,1 Kg. Granel. Poblano o para Rellenar,S/M,Hortalizas Frescas,Frutas y Legumbres,61,2026/07/17,Wal-mart Express,Supermercado / Tienda de Autoservicio,Walmart Express Sucursal Unidad Av. Toluca,Toluca 511. Entre Privada de los Angeles y Cerrada de Seminario. Col. Olivar de los Padres. Cp. 01780,Ciudad de México,Álvaro Obregón,19.338921,-99.218854
Chile Fresco,1 Kg. Granel. Serrano,S/M,Hortalizas Frescas,Frutas y Legumbres,59,2026/07/17,Wal-mart Express,Supermercado / Tienda de Autoservicio,Walmart Express Sucursal Unidad Av. Toluca,Toluca 511. Entre Privada de los Angeles y Cerrada de Seminario. Col. Olivar de los Padres. Cp. 01780,Ciudad de México,Álvaro Obregón,19.338921,-99.218854
Col,1 Kg. Granel. Blanca o Repollo,S/M,Hortalizas Frescas,Frutas y Legumbres,29.9,2026/07/17,Wal-mart Express,Supermercado / Tienda de Autoservicio,Walmart Express Sucursal Unidad Av. Toluca,Toluca 511. Entre Privada de los Angeles y Cerrada de Seminario. Col. Olivar de los Padres. Cp. 01780,Ciudad de México,Álvaro Obregón,19.338921,-99.218854
Col,1 Kg. Granel. Morada,S/M,Hortalizas Frescas,Frutas y Legumbres,65,2026/07/17,Wal-mart Express,Supermercado / Tienda de Autoservicio,Walmart Express Sucursal Unidad Av. Toluca,Toluca 511. Entre Privada de los Angeles y Cerrada de Seminario. Col. Olivar de los Padres. Cp. 01780,Ciudad de México,Álvaro Obregón,19.338921,-99.218854
Coliflor,Pieza,S/M,Hortalizas Frescas,Frutas y Legumbres,65,2026/07/17,Wal-mart Express,Supermercado / Tienda de Autoservicio,Walmart Express Sucursal Unidad Av. Toluca,Toluca 511. Entre Privada de los Angeles y Cerrada de Seminario. Col. Olivar de los Padres. Cp. 01780,Ciudad de México,Álvaro Obregón,19.338921,-99.218854
Ejote,1 Kg. Granel. Verde,S/M,Hortalizas Frescas,Frutas y Legumbres,69,2026/07/17,Wal-mart Express,Supermercado / Tienda de Autoservicio,Walmart Express Sucursal Unidad Av. Toluca,Toluca 511. Entre Privada de los Angeles y Cerrada de Seminario. Col. Olivar de los Padres. Cp. 01780,Ciudad de México,Álvaro Obregón,19.338921,-99.218854
Elote,Pieza,S/M,Hortalizas Frescas,Frutas y Legumbres,15.9,2026/07/17,Wal-mart Express,Supermercado / Tienda de Autoservicio,Walmart Express Sucursal Unidad Av. Toluca,Toluca 511. Entre Privada de los Angeles y Cerrada de Seminario. Col. Olivar de los Padres. Cp. 01780,Ciudad de México,Álvaro Obregón,19.338921,-99.218854
Espinacas,Manojo,S/M,Hortalizas Frescas,Frutas y Legumbres,14.9,2026/07/17,Wal-mart Express,Supermercado / Tienda de Autoservicio,Walmart Express Sucursal Unidad Av. Toluca,Toluca 511. Entre Privada de los Angeles y Cerrada de Seminario. Col. Olivar de los Padres. Cp. 01780,Ciudad de México,Álvaro Obregón,19.338921,-99.218854
Fresa,Paquete o Canastilla 454 Gr.,S/M,Frutas Frescas,Frutas y Legumbres,78,2026/07/17,Wal-mart Express,Supermercado / Tienda de Autoservicio,Walmart Express Sucursal Unidad Av. Toluca,Toluca 511. Entre Privada de los Angeles y Cerrada de Seminario. Col. Olivar de los Padres. Cp. 01780,Ciudad de México,Álvaro Obregón,19.338921,-99.218854
Guayaba,1 Kg. Granel,S/M,Frutas Frescas,Frutas y Legumbres,69,2026/07/17,Wal-mart Express,Supermercado / Tienda de Autoservicio,Walmart Express Sucursal Unidad Av. Toluca,Toluca 511. Entre Privada de los Angeles y Cerrada de Seminario. Col. Olivar de los Padres. Cp. 01780,Ciudad de México,Álvaro Obregón,19.338921,-99.218854
Jícama,1 Kg. Granel,S/M,Productos de Temporada (Navideños),Frutas y Legumbres,32.9,2026/07/17,Wal-mart Express,Supermercado / Tienda de Autoservicio,Walmart Express Sucursal Unidad Av. Toluca,Toluca 511. Entre Privada de los Angeles y Cerrada de Seminario. Col. Olivar de los Padres. Cp. 01780,Ciudad de México,Álvaro Obregón,19.338921,-99.218854
Jitomate,1 Kg. Granel. Bola/sinaloa o Tomate Bola,S/M,Hortalizas Frescas,Frutas y Legumbres,39.9,2026/07/17,Wal-mart Express,Supermercado / Tienda de Autoservicio,Walmart Express Sucursal Unidad Av. Toluca,Toluca 511. Entre Privada de los Angeles y Cerrada de Seminario. Col. Olivar de los Padres. Cp. 01780,Ciudad de México,Álvaro Obregón,19.338921,-99.218854
Jitomate,1 Kg. Granel. Saladette/huaje o Tomate Saladette/huaje,S/M,Hortalizas Frescas,Frutas y Legumbres,16,2026/07/17,Wal-mart Express,Supermercado / Tienda de Autoservicio,Walmart Express Sucursal Unidad Av. Toluca,Toluca 511. Entre Privada de los Angeles y Cerrada de Seminario. Col. Olivar de los Padres. Cp. 01780,Ciudad de México,Álvaro Obregón,19.338921,-99.218854
Lechuga,Pieza. Romana,S/M,Hortalizas Frescas,Frutas y Legumbres,24.9,2026/07/17,Wal-mart Express,Supermercado / Tienda de Autoservicio,Walmart Express Sucursal Unidad Av. Toluca,Toluca 511. Entre Privada de los Angeles y Cerrada de Seminario. Col. Olivar de los Padres. Cp. 01780,Ciudad de México,Álvaro Obregón,19.338921,-99.218854
Limón,1 Kg. Granel. Agrio con Semilla o Colima,S/M,Frutas Frescas,Frutas y Legumbres,40,2026/07/17,Wal-mart Express,Supermercado / Tienda de Autoservicio,Walmart Express Sucursal Unidad Av. Toluca,Toluca 511. Entre Privada de los Angeles y Cerrada de Seminario. Col. Olivar de los Padres. Cp. 01780,Ciudad de México,Álvaro Obregón,19.338921,-99.218854
Limón,1 Kg. Granel. Agrio Sin Semilla o Persa,S/M,Frutas Frescas,Frutas y Legumbres,40,2026/07/17,Wal-mart Express,Supermercado / Tienda de Autoservicio,Walmart Express Sucursal Unidad Av. Toluca,Toluca 511. Entre Privada de los Angeles y Cerrada de Seminario. Col. Olivar de los Padres. Cp. 01780,Ciudad de México,Álvaro Obregón,19.338921,-99.218854
Mamey,1 Kg. Granel,S/M,Frutas Frescas,Frutas y Legumbres,47.9,2026/07/17,Wal-mart Express,Supermercado / Tienda de Autoservicio,Walmart Express Sucursal Unidad Av. Toluca,Toluca 511. Entre Privada de los Angeles y Cerrada de Seminario. Col. Olivar de los Padres. Cp. 01780,Ciudad de México,Álvaro Obregón,19.338921,-99.218854
Mango,1 Kg. Granel. Ataulfo,S/M,Frutas Frescas,Frutas y Legumbres,42,2026/07/17,Wal-mart Express,Supermercado / Tienda de Autoservicio,Walmart Express Sucursal Unidad Av. Toluca,Toluca 511. Entre Privada de los Angeles y Cerrada de Seminario. Col. Olivar de los Padres. Cp. 01780,Ciudad de México,Álvaro Obregón,19.338921,-99.218854
Mango,1 Kg. Granel. Manila,S/M,Frutas Frescas,Frutas y Legumbres,42,2026/07/17,Wal-mart Express,Supermercado / Tienda de Autoservicio,Walmart Express Sucursal Unidad Av. Toluca,Toluca 511. Entre Privada de los Angeles y Cerrada de Seminario. Col. Olivar de los Padres. Cp. 01780,Ciudad de México,Álvaro Obregón,19.338921,-99.218854
Mango,1 Kg. Granel. Paraiso Petacón,S/M,Frutas Frescas,Frutas y Legumbres,25,2026/07/17,Wal-mart Express,Supermercado / Tienda de Autoservicio,Walmart Express Sucursal Unidad Av. Toluca,Toluca 511. Entre Privada de los Angeles y Cerrada de Seminario. Col. Olivar de los Padres. Cp. 01780,Ciudad de México,Álvaro Obregón,19.338921,-99.218854
Manzana,1 Kg. Granel. Granny Smith,S/M,Frutas Frescas,Frutas y Legumbres,54,2026/07/17,Wal-mart Express,Supermercado / Tienda de Autoservicio,Walmart Express Sucursal Unidad Av. Toluca,Toluca 511. Entre Privada de los Angeles y Cerrada de Seminario. Col. Olivar de los Padres. Cp. 01780,Ciudad de México,Álvaro Obregón,19.338921,-99.218854
Manzana,1 Kg. Granel. Red Delicious/roja/roja Mediana/roja Americana,S/M,Frutas Frescas,Frutas y Legumbres,39,2026/07/17,Wal-mart Express,Supermercado / Tienda de Autoservicio,Walmart Express Sucursal Unidad Av. Toluca,Toluca 511. Entre Privada de los Angeles y Cerrada de Seminario. Col. Olivar de los Padres. Cp. 01780,Ciudad de México,Álvaro Obregón,19.338921,-99.218854
Manzana,1 Kg. Granel. Royal Gala,S/M,Frutas Frescas,Frutas y Legumbres,48,2026/07/17,Wal-mart Express,Supermercado / Tienda de Autoservicio,Walmart Express Sucursal Unidad Av. Toluca,Toluca 511. Entre Privada de los Angeles y Cerrada de Seminario. Col. Olivar de los Padres. Cp. 01780,Ciudad de México,Álvaro Obregón,19.338921,-99.218854
Melón,1 Kg. Granel. Chino,S/M,Frutas Frescas,Frutas y Legumbres,34,2026/07/17,Wal-mart Express,Supermercado / Tienda de Autoservicio,Walmart Express Sucursal Unidad Av. Toluca,Toluca 511. Entre Privada de los Angeles y Cerrada de Seminario. Col. Olivar de los Padres. Cp. 01780,Ciudad de México,Álvaro Obregón,19.338921,-99.218854
Naranja,1 Kg. Granel. Valencia,S/M,Frutas Frescas,Frutas y Legumbres,42,2026/07/17,Wal-mart Express,Supermercado / Tienda de Autoservicio,Walmart Express Sucursal Unidad Av. Toluca,Toluca 511. Entre Privada de los Angeles y Cerrada de Seminario. Col. Olivar de los Padres. Cp. 01780,Ciudad de México,Álvaro Obregón,19.338921,-99.218854
Nopal,1 Kg. Granel. Sin Espinas,S/M,Hortalizas Frescas,Frutas y Legumbres,29,2026/07/17,Wal-mart Express,Supermercado / Tienda de Autoservicio,Walmart Express Sucursal Unidad Av. Toluca,Toluca 511. Entre Privada de los Angeles y Cerrada de Seminario. Col. Olivar de los Padres. Cp. 01780,Ciudad de México,Álvaro Obregón,19.338921,-99.218854
Papa,1 Kg. Granel. Alfa/blanca,S/M,Hortalizas Frescas,Frutas y Legumbres,66,2026/07/17,Wal-mart Express,Supermercado / Tienda de Autoservicio,Walmart Express Sucursal Unidad Av. Toluca,Toluca 511. Entre Privada de los Angeles y Cerrada de Seminario. Col. Olivar de los Padres. Cp. 01780,Ciudad de México,Álvaro Obregón,19.338921,-99.218854
Papaya,1 Kg. Granel. Maradol,S/M,Frutas Frescas,Frutas y Legumbres,40,2026/07/17,Wal-mart Express,Supermercado / Tienda de Autoservicio,Walmart Express Sucursal Unidad Av. Toluca,Toluca 511. Entre Privada de los Angeles y Cerrada de Seminario. Col. Olivar de los Padres. Cp. 01780,Ciudad de México,Álvaro Obregón,19.338921,-99.218854
Pepino,1 Kg. Granel,S/M,Hortalizas Frescas,Frutas y Legumbres,24,2026/07/17,Wal-mart Express,Supermercado / Tienda de Autoservicio,Walmart Express Sucursal Unidad Av. Toluca,Toluca 511. Entre Privada de los Angeles y Cerrada de Seminario. Col. Olivar de los Padres. Cp. 01780,Ciudad de México,Álvaro Obregón,19.338921,-99.218854
Pera,1 Kg. Granel. D´anjou,S/M,Frutas Frescas,Frutas y Legumbres,48,2026/07/17,Wal-mart Express,Supermercado / Tienda de Autoservicio,Walmart Express Sucursal Unidad Av. Toluca,Toluca 511. Entre Privada de los Angeles y Cerrada de Seminario. Col. Olivar de los Padres. Cp. 01780,Ciudad de México,Álvaro Obregón,19.338921,-99.218854
Perón,1 Kg. Granel. Golden,S/M,Frutas Frescas,Frutas y Legumbres,58,2026/07/17,Wal-mart Express,Supermercado / Tienda de Autoservicio,Walmart Express Sucursal Unidad Av. Toluca,Toluca 511. Entre Privada de los Angeles y Cerrada de Seminario. Col. Olivar de los Padres. Cp. 01780,Ciudad de México,Álvaro Obregón,19.338921,-99.218854
Pimiento,1 Kg. Granel. Morrón Verde,S/M,Hortalizas Frescas,Frutas y Legumbres,82,2026/07/17,Wal-mart Express,Supermercado / Tienda de Autoservicio,Walmart Express Sucursal Unidad Av. Toluca,Toluca 511. Entre Privada de los Angeles y Cerrada de Seminario. Col. Olivar de los Padres. Cp. 01780,Ciudad de México,Álvaro Obregón,19.338921,-99.218854
Piña,1 Kg. Granel. Miel,S/M,Frutas Frescas,Frutas y Legumbres,25,2026/07/17,Wal-mart Express,Supermercado / Tienda de Autoservicio,Walmart Express Sucursal Unidad Av. Toluca,Toluca 511. Entre Privada de los Angeles y Cerrada de Seminario. Col. Olivar de los Padres. Cp. 01780,Ciudad de México,Álvaro Obregón,19.338921,-99.218854
Plátano,1 Kg. Granel. Macho,S/M,Frutas Frescas,Frutas y Legumbres,42.9,2026/07/17,Wal-mart Express,Supermercado / Tienda de Autoservicio,Walmart Express Sucursal Unidad Av. Toluca,Toluca 511. Entre Privada de los Angeles y Cerrada de Seminario. Col. Olivar de los Padres. Cp. 01780,Ciudad de México,Álvaro Obregón,19.338921,-99.218854
Plátano,1 Kg. Granel. Tabasco/chiapas/roatán/portalimón,S/M,Frutas Frescas,Frutas y Legumbres,24,2026/07/17,Wal-mart Express,Supermercado / Tienda de Autoservicio,Walmart Express Sucursal Unidad Av. Toluca,Toluca 511. Entre Privada de los Angeles y Cerrada de Seminario. Col. Olivar de los Padres. Cp. 01780,Ciudad de México,Álvaro Obregón,19.338921,-99.218854
Rábano,Bolsa. Cambray,S/M,Hortalizas Frescas,Frutas y Legumbres,24.9,2026/07/17,Wal-mart Express,Supermercado / Tienda de Autoservicio,Walmart Express Sucursal Unidad Av. Toluca,Toluca 511. Entre Privada de los Angeles y Cerrada de Seminario. Col. Olivar de los Padres. Cp. 01780,Ciudad de México,Álvaro Obregón,19.338921,-99.218854
Sandía,1 Kg. Granel. Charleston. Rayada o Roja,S/M,Frutas Frescas,Frutas y Legumbres,12.9,2026/07/17,Wal-mart Express,Supermercado / Tienda de Autoservicio,Walmart Express Sucursal Unidad Av. Toluca,Toluca 511. Entre Privada de los Angeles y Cerrada de Seminario. Col. Olivar de los Padres. Cp. 01780,Ciudad de México,Álvaro Obregón,19.338921,-99.218854
Tamarindo,Bolsa 500 Gr.,S/M,Productos de Temporada (Navideños),Frutas y Legumbres,93,2026/07/17,Wal-mart Express,Supermercado / Tienda de Autoservicio,Walmart Express Sucursal Unidad Av. Toluca,Toluca 511. Entre Privada de los Angeles y Cerrada de Seminario. Col. Olivar de los Padres. Cp. 01780,Ciudad de México,Álvaro Obregón,19.338921,-99.218854
Tomate,1 Kg. Granel. Verde Sin Cáscara,S/M,Hortalizas Frescas,Frutas y Legumbres,37.9,2026/07/17,Wal-mart Express,Supermercado / Tienda de Autoservicio,Walmart Express Sucursal Unidad Av. Toluca,Toluca 511. Entre Privada de los Angeles y Cerrada de Seminario. Col. Olivar de los Padres. Cp. 01780,Ciudad de México,Álvaro Obregón,19.338921,-99.218854
Toronja,1 Kg. Granel. o Toronja Sangría,S/M,Frutas Frescas,Frutas y Legumbres,29,2026/07/17,Wal-mart Express,Supermercado / Tienda de Autoservicio,Walmart Express Sucursal Unidad Av. Toluca,Toluca 511. Entre Privada de los Angeles y Cerrada de Seminario. Col. Olivar de los Padres. Cp. 01780,Ciudad de México,Álvaro Obregón,19.338921,-99.218854
Zanahoria,1 Kg. Granel. Grande,S/M,Hortalizas Frescas,Frutas y Legumbres,18,2026/07/17,Wal-mart Express,Supermercado / Tienda de Autoservicio,Walmart Express Sucursal Unidad Av. Toluca,Toluca 511. Entre Privada de los Angeles y Cerrada de Seminario. Col. Olivar de los Padres. Cp. 01780,Ciudad de México,Álvaro Obregón,19.338921,-99.218854
Zanahoria,1 Kg. Granel. Mediana,S/M,Hortalizas Frescas,Frutas y Legumbres,18,2026/07/17,Wal-mart Express,Supermercado / Tienda de Autoservicio,Walmart Express Sucursal Unidad Av. Toluca,Toluca 511. Entre Privada de los Angeles y Cerrada de Seminario. Col. Olivar de los Padres. Cp. 01780,Ciudad de México,Álvaro Obregón,19.338921,-99.218854
Acelga,Manojo,S/M,Hortalizas Frescas,Frutas y Legumbres,12.9,2026/07/24,Bodega Aurrera,Supermercado / Tienda de Autoservicio,Bodega Aurrera Sucursal Santa Lucia,Santa Lucia 185. Esq. Rosa Blanca. Col. Alfonso Xiii. Cp. 01460,Ciudad de México,Álvaro Obregón,19.378523,-99.199154
Aguacate,1 Kg. Granel. Hass,S/M,Frutas Frescas,Frutas y Legumbres,59,2026/07/24,Bodega Aurrera,Supermercado / Tienda de Autoservicio,Bodega Aurrera Sucursal Santa Lucia,Santa Lucia 185. Esq. Rosa Blanca. Col. Alfonso Xiii. Cp. 01460,Ciudad de México,Álvaro Obregón,19.378523,-99.199154
Apio,1 Kg. Granel,S/M,Hortalizas Frescas,Frutas y Legumbres,38.9,2026/07/24,Bodega Aurrera,Supermercado / Tienda de Autoservicio,Bodega Aurrera Sucursal Santa Lucia,Santa Lucia 185. Esq. Rosa Blanca. Col. Alfonso Xiii. Cp. 01460,Ciudad de México,Álvaro Obregón,19.378523,-99.199154
Betabel,1 Kg. Granel,S/M,Hortalizas Frescas,Frutas y Legumbres,38.9,2026/07/24,Bodega Aurrera,Supermercado / Tienda de Autoservicio,Bodega Aurrera Sucursal Santa Lucia,Santa Lucia 185. Esq. Rosa Blanca. Col. Alfonso Xiii. Cp. 01460,Ciudad de México,Álvaro Obregón,19.378523,-99.199154
Brócoli,1 Kg. Granel,S/M,Hortalizas Frescas,Frutas y Legumbres,62,2026/07/24,Bodega Aurrera,Supermercado / Tienda de Autoservicio,Bodega Aurrera Sucursal Santa Lucia,Santa Lucia 185. Esq. Rosa Blanca. Col. Alfonso Xiii. Cp. 01460,Ciudad de México,Álvaro Obregón,19.378523,-99.199154
Calabaza,1 Kg. Granel. Italiana/japonesa (Larga),S/M,Hortalizas Frescas,Frutas y Legumbres,34.9,2026/07/24,Bodega Aurrera,Supermercado / Tienda de Autoservicio,Bodega Aurrera Sucursal Santa Lucia,Santa Lucia 185. Esq. Rosa Blanca. Col. Alfonso Xiii. Cp. 01460,Ciudad de México,Álvaro Obregón,19.378523,-99.199154
Cebolla,1 Kg. Granel. Blanca Sin Rabo,S/M,Hortalizas Frescas,Frutas y Legumbres,20,2026/07/24,Bodega Aurrera,Supermercado / Tienda de Autoservicio,Bodega Aurrera Sucursal Santa Lucia,Santa Lucia 185. Esq. Rosa Blanca. Col. Alfonso Xiii. Cp. 01460,Ciudad de México,Álvaro Obregón,19.378523,-99.199154
Cebolla,1 Kg. Granel. Morada,S/M,Hortalizas Frescas,Frutas y Legumbres,44,2026/07/24,Bodega Aurrera,Supermercado / Tienda de Autoservicio,Bodega Aurrera Sucursal Santa Lucia,Santa Lucia 185. Esq. Rosa Blanca. Col. Alfonso Xiii. Cp. 01460,Ciudad de México,Álvaro Obregón,19.378523,-99.199154
Cebolla,Manojo. Cambray,S/M,Hortalizas Frescas,Frutas y Legumbres,16.9,2026/07/24,Bodega Aurrera,Supermercado / Tienda de Autoservicio,Bodega Aurrera Sucursal Santa Lucia,Santa Lucia 185. Esq. Rosa Blanca. Col. Alfonso Xiii. Cp. 01460,Ciudad de México,Álvaro Obregón,19.378523,-99.199154
Champiñones,1 Kg. Granel,S/M,Hortalizas Frescas,Frutas y Legumbres,99,2026/07/24,Bodega Aurrera,Supermercado / Tienda de Autoservicio,Bodega Aurrera Sucursal Santa Lucia,Santa Lucia 185. Esq. Rosa Blanca. Col. Alfonso Xiii. Cp. 01460,Ciudad de México,Álvaro Obregón,19.378523,-99.199154
Chile Fresco,1 Kg. Granel. de Árbol Verde,S/M,Hortalizas Frescas,Frutas y Legumbres,194,2026/07/24,Bodega Aurrera,Supermercado / Tienda de Autoservicio,Bodega Aurrera Sucursal Santa Lucia,Santa Lucia 185. Esq. Rosa Blanca. Col. Alfonso Xiii. Cp. 01460,Ciudad de México,Álvaro Obregón,19.378523,-99.199154
Chile Fresco,1 Kg. Granel. Jalapeño o Cuaresmeño,S/M,Hortalizas Frescas,Frutas y Legumbres,20,2026/07/24,Bodega Aurrera,Supermercado / Tienda de Autoservicio,Bodega Aurrera Sucursal Santa Lucia,Santa Lucia 185. Esq. Rosa Blanca. Col. Alfonso Xiii. Cp. 01460,Ciudad de México,Álvaro Obregón,19.378523,-99.199154
Chile Fresco,1 Kg. Granel. Poblano o para Rellenar,S/M,Hortalizas Frescas,Frutas y Legumbres,54,2026/07/24,Bodega Aurrera,Supermercado / Tienda de Autoservicio,Bodega Aurrera Sucursal Santa Lucia,Santa Lucia 185. Esq. Rosa Blanca. Col. Alfonso Xiii. Cp. 01460,Ciudad de México,Álvaro Obregón,19.378523,-99.199154
Chile Fresco,1 Kg. Granel. Serrano,S/M,Hortalizas Frescas,Frutas y Legumbres,54,2026/07/24,Bodega Aurrera,Supermercado / Tienda de Autoservicio,Bodega Aurrera Sucursal Santa Lucia,Santa Lucia 185. Esq. Rosa Blanca. Col. Alfonso Xiii. Cp. 01460,Ciudad de México,Álvaro Obregón,19.378523,-99.199154
Cilantro,Manojo,S/M,Hortalizas Frescas,Frutas y Legumbres,10,2026/07/24,Bodega Aurrera,Supermercado / Tienda de Autoservicio,Bodega Aurrera Sucursal Santa Lucia,Santa Lucia 185. Esq. Rosa Blanca. Col. Alfonso Xiii. Cp. 01460,Ciudad de México,Álvaro Obregón,19.378523,-99.199154
Col,1 Kg. Granel. Blanca o Repollo,S/M,Hortalizas Frescas,Frutas y Legumbres,29.9,2026/07/24,Bodega Aurrera,Supermercado / Tienda de Autoservicio,Bodega Aurrera Sucursal Santa Lucia,Santa Lucia 185. Esq. Rosa Blanca. Col. Alfonso Xiii. Cp. 01460,Ciudad de México,Álvaro Obregón,19.378523,-99.199154
Col,1 Kg. Granel. Morada,S/M,Hortalizas Frescas,Frutas y Legumbres,59,2026/07/24,Bodega Aurrera,Supermercado / Tienda de Autoservicio,Bodega Aurrera Sucursal Santa Lucia,Santa Lucia 185. Esq. Rosa Blanca. Col. Alfonso Xiii. Cp. 01460,Ciudad de México,Álvaro Obregón,19.378523,-99.199154
Durazno,1 Kg. Granel. Melocotón,S/M,Frutas Frescas,Frutas y Legumbres,70,2026/07/24,Bodega Aurrera,Supermercado / Tienda de Autoservicio,Bodega Aurrera Sucursal Santa Lucia,Santa Lucia 185. Esq. Rosa Blanca. Col. Alfonso Xiii. Cp. 01460,Ciudad de México,Álvaro Obregón,19.378523,-99.199154
Elote,Pieza,S/M,Hortalizas Frescas,Frutas y Legumbres,13.9,2026/07/24,Bodega Aurrera,Supermercado / Tienda de Autoservicio,Bodega Aurrera Sucursal Santa Lucia,Santa Lucia 185. Esq. Rosa Blanca. Col. Alfonso Xiii. Cp. 01460,Ciudad de México,Álvaro Obregón,19.378523,-99.199154
Espinacas,Manojo,S/M,Hortalizas Frescas,Frutas y Legumbres,13.9,2026/07/24,Bodega Aurrera,Supermercado / Tienda de Autoservicio,Bodega Aurrera Sucursal Santa Lucia,Santa Lucia 185. Esq. Rosa Blanca. Col. Alfonso Xiii. Cp. 01460,Ciudad de México,Álvaro Obregón,19.378523,-99.199154
Fresa,Paquete o Canastilla 454 Gr.,S/M,Frutas Frescas,Frutas y Legumbres,74,2026/07/24,Bodega Aurrera,Supermercado / Tienda de Autoservicio,Bodega Aurrera Sucursal Santa Lucia,Santa Lucia 185. Esq. Rosa Blanca. Col. Alfonso Xiii. Cp. 01460,Ciudad de México,Álvaro Obregón,19.378523,-99.199154
Guayaba,1 Kg. Granel,S/M,Frutas Frescas,Frutas y Legumbres,50,2026/07/24,Bodega Aurrera,Supermercado / Tienda de Autoservicio,Bodega Aurrera Sucursal Santa Lucia,Santa Lucia 185. Esq. Rosa Blanca. Col. Alfonso Xiii. Cp. 01460,Ciudad de México,Álvaro Obregón,19.378523,-99.199154
Jícama,1 Kg. Granel,S/M,Productos de Temporada (Navideños),Frutas y Legumbres,25,2026/07/24,Bodega Aurrera,Supermercado / Tienda de Autoservicio,Bodega Aurrera Sucursal Santa Lucia,Santa Lucia 185. Esq. Rosa Blanca. Col. Alfonso Xiii. Cp. 01460,Ciudad de México,Álvaro Obregón,19.378523,-99.199154
Jitomate,1 Kg. Granel. Saladette/huaje o Tomate Saladette/huaje,S/M,Hortalizas Frescas,Frutas y Legumbres,15,2026/07/24,Bodega Aurrera,Supermercado / Tienda de Autoservicio,Bodega Aurrera Sucursal Santa Lucia,Santa Lucia 185. Esq. Rosa Blanca. Col. Alfonso Xiii. Cp. 01460,Ciudad de México,Álvaro Obregón,19.378523,-99.199154
Kiwi,1 Kg. Granel,S/M,Frutas Frescas,Frutas y Legumbres,74,2026/07/24,Bodega Aurrera,Supermercado / Tienda de Autoservicio,Bodega Aurrera Sucursal Santa Lucia,Santa Lucia 185. Esq. Rosa Blanca. Col. Alfonso Xiii. Cp. 01460,Ciudad de México,Álvaro Obregón,19.378523,-99.199154
Lechuga,Pieza. Orejona o Larga,S/M,Hortalizas Frescas,Frutas y Legumbres,24.9,2026/07/24,Bodega Aurrera,Supermercado / Tienda de Autoservicio,Bodega Aurrera Sucursal Santa Lucia,Santa Lucia 185. Esq. Rosa Blanca. Col. Alfonso Xiii. Cp. 01460,Ciudad de México,Álvaro Obregón,19.378523,-99.199154
Lechuga,Pieza. Romana,S/M,Hortalizas Frescas,Frutas y Legumbres,22,2026/07/24,Bodega Aurrera,Supermercado / Tienda de Autoservicio,Bodega Aurrera Sucursal Santa Lucia,Santa Lucia 185. Esq. Rosa Blanca. Col. Alfonso Xiii. Cp. 01460,Ciudad de México,Álvaro Obregón,19.378523,-99.199154
Limón,1 Kg. Granel. Agrio con Semilla o Colima,S/M,Frutas Frescas,Frutas y Legumbres,35,2026/07/24,Bodega Aurrera,Supermercado / Tienda de Autoservicio,Bodega Aurrera Sucursal Santa Lucia,Santa Lucia 185. Esq. Rosa Blanca. Col. Alfonso Xiii. Cp. 01460,Ciudad de México,Álvaro Obregón,19.378523,-99.199154
Mamey,1 Kg. Granel,S/M,Frutas Frescas,Frutas y Legumbres,47.9,2026/07/24,Bodega Aurrera,Supermercado / Tienda de Autoservicio,Bodega Aurrera Sucursal Santa Lucia,Santa Lucia 185. Esq. Rosa Blanca. Col. Alfonso Xiii. Cp. 01460,Ciudad de México,Álvaro Obregón,19.378523,-99.199154
Mango,1 Kg. Granel. Ataulfo,S/M,Frutas Frescas,Frutas y Legumbres,40,2026/07/24,Bodega Aurrera,Supermercado / Tienda de Autoservicio,Bodega Aurrera Sucursal Santa Lucia,Santa Lucia 185. Esq. Rosa Blanca. Col. Alfonso Xiii. Cp. 01460,Ciudad de México,Álvaro Obregón,19.378523,-99.199154
Mango,1 Kg. Granel. Paraiso Petacón,S/M,Frutas Frescas,Frutas y Legumbres,24,2026/07/24,Bodega Aurrera,Supermercado / Tienda de Autoservicio,Bodega Aurrera Sucursal Santa Lucia,Santa Lucia 185. Esq. Rosa Blanca. Col. Alfonso Xiii. Cp. 01460,Ciudad de México,Álvaro Obregón,19.378523,-99.199154
Manzana,1 Kg. Granel. Granny Smith,S/M,Frutas Frescas,Frutas y Legumbres,52,2026/07/24,Bodega Aurrera,Supermercado / Tienda de Autoservicio,Bodega Aurrera Sucursal Santa Lucia,Santa Lucia 185. Esq. Rosa Blanca. Col. Alfonso Xiii. Cp. 01460,Ciudad de México,Álvaro Obregón,19.378523,-99.199154
Manzana,1 Kg. Granel. Red Delicious/roja/roja Mediana/roja Americana,S/M,Frutas Frescas,Frutas y Legumbres,38,2026/07/24,Bodega Aurrera,Supermercado / Tienda de Autoservicio,Bodega Aurrera Sucursal Santa Lucia,Santa Lucia 185. Esq. Rosa Blanca. Col. Alfonso Xiii. Cp. 01460,Ciudad de México,Álvaro Obregón,19.378523,-99.199154
Manzana,1 Kg. Granel. Royal Gala,S/M,Frutas Frescas,Frutas y Legumbres,54,2026/07/24,Bodega Aurrera,Supermercado / Tienda de Autoservicio,Bodega Aurrera Sucursal Santa Lucia,Santa Lucia 185. Esq. Rosa Blanca. Col. Alfonso Xiii. Cp. 01460,Ciudad de México,Álvaro Obregón,19.378523,-99.199154
Melón,1 Kg. Granel. Chino,S/M,Frutas Frescas,Frutas y Legumbres,32,2026/07/24,Bodega Aurrera,Supermercado / Tienda de Autoservicio,Bodega Aurrera Sucursal Santa Lucia,Santa Lucia 185. Esq. Rosa Blanca. Col. Alfonso Xiii. Cp. 01460,Ciudad de México,Álvaro Obregón,19.378523,-99.199154
Naranja,1 Kg. Granel. Valencia,S/M,Frutas Frescas,Frutas y Legumbres,40,2026/07/24,Bodega Aurrera,Supermercado / Tienda de Autoservicio,Bodega Aurrera Sucursal Santa Lucia,Santa Lucia 185. Esq. Rosa Blanca. Col. Alfonso Xiii. Cp. 01460,Ciudad de México,Álvaro Obregón,19.378523,-99.199154
Papaya,1 Kg. Granel. Maradol,S/M,Frutas Frescas,Frutas y Legumbres,39,2026/07/24,Bodega Aurrera,Supermercado / Tienda de Autoservicio,Bodega Aurrera Sucursal Santa Lucia,Santa Lucia 185. Esq. Rosa Blanca. Col. Alfonso Xiii. Cp. 01460,Ciudad de México,Álvaro Obregón,19.378523,-99.199154
Pepino,1 Kg. Granel,S/M,Hortalizas Frescas,Frutas y Legumbres,22,2026/07/24,Bodega Aurrera,Supermercado / Tienda de Autoservicio,Bodega Aurrera Sucursal Santa Lucia,Santa Lucia 185. Esq. Rosa Blanca. Col. Alfonso Xiii. Cp. 01460,Ciudad de México,Álvaro Obregón,19.378523,-99.199154
Perón,1 Kg. Granel. Golden,S/M,Frutas Frescas,Frutas y Legumbres,57,2026/07/24,Bodega Aurrera,Supermercado / Tienda de Autoservicio,Bodega Aurrera Sucursal Santa Lucia,Santa Lucia 185. Esq. Rosa Blanca. Col. Alfonso Xiii. Cp. 01460,Ciudad de México,Álvaro Obregón,19.378523,-99.199154
Pimiento,1 Kg. Granel. Morrón Verde,S/M,Hortalizas Frescas,Frutas y Legumbres,80,2026/07/24,Bodega Aurrera,Supermercado / Tienda de Autoservicio,Bodega Aurrera Sucursal Santa Lucia,Santa Lucia 185. Esq. Rosa Blanca. Col. Alfonso Xiii. Cp. 01460,Ciudad de México,Álvaro Obregón,19.378523,-99.199154
Piña,1 Kg. Granel. Miel,S/M,Frutas Frescas,Frutas y Legumbres,20,2026/07/24,Bodega Aurrera,Supermercado / Tienda de Autoservicio,Bodega Aurrera Sucursal Santa Lucia,Santa Lucia 185. Esq. Rosa Blanca. Col. Alfonso Xiii. Cp. 01460,Ciudad de México,Álvaro Obregón,19.378523,-99.199154
Plátano,1 Kg. Granel. Macho,S/M,Frutas Frescas,Frutas y Legumbres,38.9,2026/07/24,Bodega Aurrera,Supermercado / Tienda de Autoservicio,Bodega Aurrera Sucursal Santa Lucia,Santa Lucia 185. Esq. Rosa Blanca. Col. Alfonso Xiii. Cp. 01460,Ciudad de México,Álvaro Obregón,19.378523,-99.199154
Plátano,1 Kg. Granel. Tabasco/chiapas/roatán/portalimón,S/M,Frutas Frescas,Frutas y Legumbres,23,2026/07/24,Bodega Aurrera,Supermercado / Tienda de Autoservicio,Bodega Aurrera Sucursal Santa Lucia,Santa Lucia 185. Esq. Rosa Blanca. Col. Alfonso Xiii. Cp. 01460,Ciudad de México,Álvaro Obregón,19.378523,-99.199154
Rábano,Bolsa. Cambray,S/M,Hortalizas Frescas,Frutas y Legumbres,24.9,2026/07/24,Bodega Aurrera,Supermercado / Tienda de Autoservicio,Bodega Aurrera Sucursal Santa Lucia,Santa Lucia 185. Esq. Rosa Blanca. Col. Alfonso Xiii. Cp. 01460,Ciudad de México,Álvaro Obregón,19.378523,-99.199154
Sandía,1 Kg. Granel. Charleston. Rayada o Roja,S/M,Frutas Frescas,Frutas y Legumbres,12,2026/07/24,Bodega Aurrera,Supermercado / Tienda de Autoservicio,Bodega Aurrera Sucursal Santa Lucia,Santa Lucia 185. Esq. Rosa Blanca. Col. Alfonso Xiii. Cp. 01460,Ciudad de México,Álvaro Obregón,19.378523,-99.199154
Tamarindo,Bolsa 500 Gr.,S/M,Productos de Temporada (Navideños),Frutas y Legumbres,70,2026/07/24,Bodega Aurrera,Supermercado / Tienda de Autoservicio,Bodega Aurrera Sucursal Santa Lucia,Santa Lucia 185. Esq. Rosa Blanca. Col. Alfonso Xiii. Cp. 01460,Ciudad de México,Álvaro Obregón,19.378523,-99.199154
Tomate,1 Kg. Granel. Verde Sin Cáscara,S/M,Hortalizas Frescas,Frutas y Legumbres,36.9,2026/07/24,Bodega Aurrera,Supermercado / Tienda de Autoservicio,Bodega Aurrera Sucursal Santa Lucia,Santa Lucia 185. Esq. Rosa Blanca. Col. Alfonso Xiii. Cp. 01460,Ciudad de México,Álvaro Obregón,19.378523,-99.199154
Toronja,1 Kg. Granel. o Toronja Sangría,S/M,Frutas Frescas,Frutas y Legumbres,29,2026/07/24,Bodega Aurrera,Supermercado / Tienda de Autoservicio,Bodega Aurrera Sucursal Santa Lucia,Santa Lucia 185. Esq. Rosa Blanca. Col. Alfonso Xiii. Cp. 01460,Ciudad de México,Álvaro Obregón,19.378523,-99.199154
Uva,1 Kg. Granel. Globo o Red Globo,S/M,Frutas Frescas,Frutas y Legumbres,44,2026/07/24,Bodega Aurrera,Supermercado / Tienda de Autoservicio,Bodega Aurrera Sucursal Santa Lucia,Santa Lucia 185. Esq. Rosa Blanca. Col. Alfonso Xiii. Cp. 01460,Ciudad de México,Álvaro Obregón,19.378523,-99.199154
Zanahoria,1 Kg. Granel. Mediana,S/M,Hortalizas Frescas,Frutas y Legumbres,15.5,2026/07/24,Bodega Aurrera,Supermercado / Tienda de Autoservicio,Bodega Aurrera Sucursal Santa Lucia,Santa Lucia 185. Esq. Rosa Blanca. Col. Alfonso Xiii. Cp. 01460,Ciudad de México,Álvaro Obregón,19.378523,-99.199154
Acelga,Manojo,S/M,Hortalizas Frescas,Frutas y Legumbres,10.9,2026/07/24,Sumesa,Supermercado / Tienda de Autoservicio,Sumesa Sucursal San Angel,Cracovia 97 Esq. Revolucion. Col. San Angel. Cp. 01000,Ciudad de México,Álvaro Obregón,19.348299,-99.190362
Aguacate,1 Kg. Granel. Hass,S/M,Frutas Frescas,Frutas y Legumbres,98.5,2026/07/24,Sumesa,Supermercado / Tienda de Autoservicio,Sumesa Sucursal San Angel,Cracovia 97 Esq. Revolucion. Col. San Angel. Cp. 01000,Ciudad de México,Álvaro Obregón,19.348299,-99.190362
Apio,1 Kg. Granel,S/M,Hortalizas Frescas,Frutas y Legumbres,28.9,2026/07/24,Sumesa,Supermercado / Tienda de Autoservicio,Sumesa Sucursal San Angel,Cracovia 97 Esq. Revolucion. Col. San Angel. Cp. 01000,Ciudad de México,Álvaro Obregón,19.348299,-99.190362
Betabel,1 Kg. Granel,S/M,Hortalizas Frescas,Frutas y Legumbres,32.9,2026/07/24,Sumesa,Supermercado / Tienda de Autoservicio,Sumesa Sucursal San Angel,Cracovia 97 Esq. Revolucion. Col. San Angel. Cp. 01000,Ciudad de México,Álvaro Obregón,19.348299,-99.190362
Calabaza,1 Kg. Granel. Italiana/japonesa (Larga),S/M,Hortalizas Frescas,Frutas y Legumbres,36.9,2026/07/24,Sumesa,Supermercado / Tienda de Autoservicio,Sumesa Sucursal San Angel,Cracovia 97 Esq. Revolucion. Col. San Angel. Cp. 01000,Ciudad de México,Álvaro Obregón,19.348299,-99.190362
Cebolla,1 Kg. Granel. Blanca Sin Rabo,S/M,Hortalizas Frescas,Frutas y Legumbres,32.9,2026/07/24,Sumesa,Supermercado / Tienda de Autoservicio,Sumesa Sucursal San Angel,Cracovia 97 Esq. Revolucion. Col. San Angel. Cp. 01000,Ciudad de México,Álvaro Obregón,19.348299,-99.190362
Cebolla,1 Kg. Granel. Morada,S/M,Hortalizas Frescas,Frutas y Legumbres,36.9,2026/07/24,Sumesa,Supermercado / Tienda de Autoservicio,Sumesa Sucursal San Angel,Cracovia 97 Esq. Revolucion. Col. San Angel. Cp. 01000,Ciudad de México,Álvaro Obregón,19.348299,-99.190362
Cebolla,Manojo. Cambray,S/M,Hortalizas Frescas,Frutas y Legumbres,10.9,2026/07/24,Sumesa,Supermercado / Tienda de Autoservicio,Sumesa Sucursal San Angel,Cracovia 97 Esq. Revolucion. Col. San Angel. Cp. 01000,Ciudad de México,Álvaro Obregón,19.348299,-99.190362
Chayote,1 Kg. Granel. Sin Espinas,S/M,Hortalizas Frescas,Frutas y Legumbres,32.9,2026/07/24,Sumesa,Supermercado / Tienda de Autoservicio,Sumesa Sucursal San Angel,Cracovia 97 Esq. Revolucion. Col. San Angel. Cp. 01000,Ciudad de México,Álvaro Obregón,19.348299,-99.190362
Chícharos,1 Kg. Granel. en Vaina,S/M,Hortalizas Frescas,Frutas y Legumbres,89.9,2026/07/24,Sumesa,Supermercado / Tienda de Autoservicio,Sumesa Sucursal San Angel,Cracovia 97 Esq. Revolucion. Col. San Angel. Cp. 01000,Ciudad de México,Álvaro Obregón,19.348299,-99.190362
Chile Fresco,1 Kg. Granel. de Árbol Verde,S/M,Hortalizas Frescas,Frutas y Legumbres,169,2026/07/24,Sumesa,Supermercado / Tienda de Autoservicio,Sumesa Sucursal San Angel,Cracovia 97 Esq. Revolucion. Col. San Angel. Cp. 01000,Ciudad de México,Álvaro Obregón,19.348299,-99.190362
Chile Fresco,1 Kg. Granel. Habanero,S/M,Hortalizas Frescas,Frutas y Legumbres,135,2026/07/24,Sumesa,Supermercado / Tienda de Autoservicio,Sumesa Sucursal San Angel,Cracovia 97 Esq. Revolucion. Col. San Angel. Cp. 01000,Ciudad de México,Álvaro Obregón,19.348299,-99.190362
Chile Fresco,1 Kg. Granel. Jalapeño o Cuaresmeño,S/M,Hortalizas Frescas,Frutas y Legumbres,5.7,2026/07/24,Sumesa,Supermercado / Tienda de Autoservicio,Sumesa Sucursal San Angel,Cracovia 97 Esq. Revolucion. Col. San Angel. Cp. 01000,Ciudad de México,Álvaro Obregón,19.348299,-99.190362
Chile Fresco,1 Kg. Granel. Poblano o para Rellenar,S/M,Hortalizas Frescas,Frutas y Legumbres,59.9,2026/07/24,Sumesa,Supermercado / Tienda de Autoservicio,Sumesa Sucursal San Angel,Cracovia 97 Esq. Revolucion. Col. San Angel. Cp. 01000,Ciudad de México,Álvaro Obregón,19.348299,-99.190362
Chile Fresco,1 Kg. Granel. Serrano,S/M,Hortalizas Frescas,Frutas y Legumbres,49.9,2026/07/24,Sumesa,Supermercado / Tienda de Autoservicio,Sumesa Sucursal San Angel,Cracovia 97 Esq. Revolucion. Col. San Angel. Cp. 01000,Ciudad de México,Álvaro Obregón,19.348299,-99.190362
Cilantro,Manojo,S/M,Hortalizas Frescas,Frutas y Legumbres,10.9,2026/07/24,Sumesa,Supermercado / Tienda de Autoservicio,Sumesa Sucursal San Angel,Cracovia 97 Esq. Revolucion. Col. San Angel. Cp. 01000,Ciudad de México,Álvaro Obregón,19.348299,-99.190362
Col,1 Kg. Granel. Blanca o Repollo,S/M,Hortalizas Frescas,Frutas y Legumbres,32.9,2026/07/24,Sumesa,Supermercado / Tienda de Autoservicio,Sumesa Sucursal San Angel,Cracovia 97 Esq. Revolucion. Col. San Angel. Cp. 01000,Ciudad de México,Álvaro Obregón,19.348299,-99.190362
Col,1 Kg. Granel. Morada,S/M,Hortalizas Frescas,Frutas y Legumbres,37.1,2026/07/24,Sumesa,Supermercado / Tienda de Autoservicio,Sumesa Sucursal San Angel,Cracovia 97 Esq. Revolucion. Col. San Angel. Cp. 01000,Ciudad de México,Álvaro Obregón,19.348299,-99.190362
Ejote,1 Kg. Granel. Verde,S/M,Hortalizas Frescas,Frutas y Legumbres,54.9,2026/07/24,Sumesa,Supermercado / Tienda de Autoservicio,Sumesa Sucursal San Angel,Cracovia 97 Esq. Revolucion. Col. San Angel. Cp. 01000,Ciudad de México,Álvaro Obregón,19.348299,-99.190362
Elote,Pieza,S/M,Hortalizas Frescas,Frutas y Legumbres,10.9,2026/07/24,Sumesa,Supermercado / Tienda de Autoservicio,Sumesa Sucursal San Angel,Cracovia 97 Esq. Revolucion. Col. San Angel. Cp. 01000,Ciudad de México,Álvaro Obregón,19.348299,-99.190362
Espinacas,Manojo,S/M,Hortalizas Frescas,Frutas y Legumbres,10.9,2026/07/24,Sumesa,Supermercado / Tienda de Autoservicio,Sumesa Sucursal San Angel,Cracovia 97 Esq. Revolucion. Col. San Angel. Cp. 01000,Ciudad de México,Álvaro Obregón,19.348299,-99.190362
Fresa,Paquete o Canastilla 454 Gr.,S/M,Frutas Frescas,Frutas y Legumbres,79.9,2026/07/24,Sumesa,Supermercado / Tienda de Autoservicio,Sumesa Sucursal San Angel,Cracovia 97 Esq. Revolucion. Col. San Angel. Cp. 01000,Ciudad de México,Álvaro Obregón,19.348299,-99.190362
Guanábana,1 Kg. Granel,S/M,Frutas Frescas,Frutas y Legumbres,107,2026/07/24,Sumesa,Supermercado / Tienda de Autoservicio,Sumesa Sucursal San Angel,Cracovia 97 Esq. Revolucion. Col. San Angel. Cp. 01000,Ciudad de México,Álvaro Obregón,19.348299,-99.190362
Jícama,1 Kg. Granel,S/M,Productos de Temporada (Navideños),Frutas y Legumbres,29.9,2026/07/24,Sumesa,Supermercado / Tienda de Autoservicio,Sumesa Sucursal San Angel,Cracovia 97 Esq. Revolucion. Col. San Angel. Cp. 01000,Ciudad de México,Álvaro Obregón,19.348299,-99.190362
Jitomate,1 Kg. Granel. Bola/sinaloa o Tomate Bola,S/M,Hortalizas Frescas,Frutas y Legumbres,69.9,2026/07/24,Sumesa,Supermercado / Tienda de Autoservicio,Sumesa Sucursal San Angel,Cracovia 97 Esq. Revolucion. Col. San Angel. Cp. 01000,Ciudad de México,Álvaro Obregón,19.348299,-99.190362
Jitomate,1 Kg. Granel. Saladette/huaje o Tomate Saladette/huaje,S/M,Hortalizas Frescas,Frutas y Legumbres,25.9,2026/07/24,Sumesa,Supermercado / Tienda de Autoservicio,Sumesa Sucursal San Angel,Cracovia 97 Esq. Revolucion. Col. San Angel. Cp. 01000,Ciudad de México,Álvaro Obregón,19.348299,-99.190362
Kiwi,1 Kg. Granel,S/M,Frutas Frescas,Frutas y Legumbres,120,2026/07/24,Sumesa,Supermercado / Tienda de Autoservicio,Sumesa Sucursal San Angel,Cracovia 97 Esq. Revolucion. Col. San Angel. Cp. 01000,Ciudad de México,Álvaro Obregón,19.348299,-99.190362
Lechuga,Pieza. Romana,S/M,Hortalizas Frescas,Frutas y Legumbres,25.9,2026/07/24,Sumesa,Supermercado / Tienda de Autoservicio,Sumesa Sucursal San Angel,Cracovia 97 Esq. Revolucion. Col. San Angel. Cp. 01000,Ciudad de México,Álvaro Obregón,19.348299,-99.190362
Limón,1 Kg. Granel. Agrio con Semilla o Colima,S/M,Frutas Frescas,Frutas y Legumbres,49.9,2026/07/24,Sumesa,Supermercado / Tienda de Autoservicio,Sumesa Sucursal San Angel,Cracovia 97 Esq. Revolucion. Col. San Angel. Cp. 01000,Ciudad de México,Álvaro Obregón,19.348299,-99.190362
Limón,1 Kg. Granel. Agrio Sin Semilla o Persa,S/M,Frutas Frescas,Frutas y Legumbres,21.9,2026/07/24,Sumesa,Supermercado / Tienda de Autoservicio,Sumesa Sucursal San Angel,Cracovia 97 Esq. Revolucion. Col. San Angel. Cp. 01000,Ciudad de México,Álvaro Obregón,19.348299,-99.190362
Mamey,1 Kg. Granel,S/M,Frutas Frescas,Frutas y Legumbres,46.9,2026/07/24,Sumesa,Supermercado / Tienda de Autoservicio,Sumesa Sucursal San Angel,Cracovia 97 Esq. Revolucion. Col. San Angel. Cp. 01000,Ciudad de México,Álvaro Obregón,19.348299,-99.190362
Mandarina,1 Kg. Granel,S/M,Frutas Frescas,Frutas y Legumbres,79.9,2026/07/24,Sumesa,Supermercado / Tienda de Autoservicio,Sumesa Sucursal San Angel,Cracovia 97 Esq. Revolucion. Col. San Angel. Cp. 01000,Ciudad de México,Álvaro Obregón,19.348299,-99.190362
Mango,1 Kg. Granel. Ataulfo,S/M,Frutas Frescas,Frutas y Legumbres,49.9,2026/07/24,Sumesa,Supermercado / Tienda de Autoservicio,Sumesa Sucursal San Angel,Cracovia 97 Esq. Revolucion. Col. San Angel. Cp. 01000,Ciudad de México,Álvaro Obregón,19.348299,-99.190362
Mango,1 Kg. Granel. Paraiso Petacón,S/M,Frutas Frescas,Frutas y Legumbres,34.9,2026/07/24,Sumesa,Supermercado / Tienda de Autoservicio,Sumesa Sucursal San Angel,Cracovia 97 Esq. Revolucion. Col. San Angel. Cp. 01000,Ciudad de México,Álvaro Obregón,19.348299,-99.190362
Manzana,1 Kg. Granel. Golden,S/M,Frutas Frescas,Frutas y Legumbres,89.9,2026/07/24,Sumesa,Supermercado / Tienda de Autoservicio,Sumesa Sucursal San Angel,Cracovia 97 Esq. Revolucion. Col. San Angel. Cp. 01000,Ciudad de México,Álvaro Obregón,19.348299,-99.190362
Manzana,1 Kg. Granel. Granny Smith,S/M,Frutas Frescas,Frutas y Legumbres,49.9,2026/07/24,Sumesa,Supermercado / Tienda de Autoservicio,Sumesa Sucursal San Angel,Cracovia 97 Esq. Revolucion. Col. San Angel. Cp. 01000,Ciudad de México,Álvaro Obregón,19.348299,-99.190362
Manzana,1 Kg. Granel. Red Delicious/roja/roja Mediana/roja Americana,S/M,Frutas Frescas,Frutas y Legumbres,39.9,2026/07/24,Sumesa,Supermercado / Tienda de Autoservicio,Sumesa Sucursal San Angel,Cracovia 97 Esq. Revolucion. Col. San Angel. Cp. 01000,Ciudad de México,Álvaro Obregón,19.348299,-99.190362
Melón,1 Kg. Granel. Chino,S/M,Frutas Frescas,Frutas y Legumbres,39.9,2026/07/24,Sumesa,Supermercado / Tienda de Autoservicio,Sumesa Sucursal San Angel,Cracovia 97 Esq. Revolucion. Col. San Angel. Cp. 01000,Ciudad de México,Álvaro Obregón,19.348299,-99.190362
Melón,1 Kg. Granel. Valenciano o Amarillo,S/M,Frutas Frescas,Frutas y Legumbres,46.9,2026/07/24,Sumesa,Supermercado / Tienda de Autoservicio,Sumesa Sucursal San Angel,Cracovia 97 Esq. Revolucion. Col. San Angel. Cp. 01000,Ciudad de México,Álvaro Obregón,19.348299,-99.190362
Naranja,1 Kg. Granel. Valencia,S/M,Frutas Frescas,Frutas y Legumbres,41.9,2026/07/24,Sumesa,Supermercado / Tienda de Autoservicio,Sumesa Sucursal San Angel,Cracovia 97 Esq. Revolucion. Col. San Angel. Cp. 01000,Ciudad de México,Álvaro Obregón,19.348299,-99.190362
Nopal,1 Kg. Granel. Sin Espinas,S/M,Hortalizas Frescas,Frutas y Legumbres,29.9,2026/07/24,Sumesa,Supermercado / Tienda de Autoservicio,Sumesa Sucursal San Angel,Cracovia 97 Esq. Revolucion. Col. San Angel. Cp. 01000,Ciudad de México,Álvaro Obregón,19.348299,-99.190362
Papa,1 Kg. Granel. Alfa/blanca,S/M,Hortalizas Frescas,Frutas y Legumbres,52.9,2026/07/24,Sumesa,Supermercado / Tienda de Autoservicio,Sumesa Sucursal San Angel,Cracovia 97 Esq. Revolucion. Col. San Angel. Cp. 01000,Ciudad de México,Álvaro Obregón,19.348299,-99.190362
Papaya,1 Kg. Granel. Maradol,S/M,Frutas Frescas,Frutas y Legumbres,39.9,2026/07/24,Sumesa,Supermercado / Tienda de Autoservicio,Sumesa Sucursal San Angel,Cracovia 97 Esq. Revolucion. Col. San Angel. Cp. 01000,Ciudad de México,Álvaro Obregón,19.348299,-99.190362
Pepino,1 Kg. Granel,S/M,Hortalizas Frescas,Frutas y Legumbres,34.9,2026/07/24,Sumesa,Supermercado / Tienda de Autoservicio,Sumesa Sucursal San Angel,Cracovia 97 Esq. Revolucion. Col. San Angel. Cp. 01000,Ciudad de México,Álvaro Obregón,19.348299,-99.190362
Pera,1 Kg. Granel. D´anjou,S/M,Frutas Frescas,Frutas y Legumbres,69.9,2026/07/24,Sumesa,Supermercado / Tienda de Autoservicio,Sumesa Sucursal San Angel,Cracovia 97 Esq. Revolucion. Col. San Angel. Cp. 01000,Ciudad de México,Álvaro Obregón,19.348299,-99.190362
Piña,1 Kg. Granel. Miel,S/M,Frutas Frescas,Frutas y Legumbres,29.9,2026/07/24,Sumesa,Supermercado / Tienda de Autoservicio,Sumesa Sucursal San Angel,Cracovia 97 Esq. Revolucion. Col. San Angel. Cp. 01000,Ciudad de México,Álvaro Obregón,19.348299,-99.190362
Plátano,1 Kg. Granel. Macho,S/M,Frutas Frescas,Frutas y Legumbres,43.9,2026/07/24,Sumesa,Supermercado / Tienda de Autoservicio,Sumesa Sucursal San Angel,Cracovia 97 Esq. Revolucion. Col. San Angel. Cp. 01000,Ciudad de México,Álvaro Obregón,19.348299,-99.190362
Plátano,1 Kg. Granel. Tabasco/chiapas/roatán/portalimón,S/M,Frutas Frescas,Frutas y Legumbres,26.9,2026/07/24,Sumesa,Supermercado / Tienda de Autoservicio,Sumesa Sucursal San Angel,Cracovia 97 Esq. Revolucion. Col. San Angel. Cp. 01000,Ciudad de México,Álvaro Obregón,19.348299,-99.190362
Rábano,Manojo. Cambray,S/M,Hortalizas Frescas,Frutas y Legumbres,18.9,2026/07/24,Sumesa,Supermercado / Tienda de Autoservicio,Sumesa Sucursal San Angel,Cracovia 97 Esq. Revolucion. Col. San Angel. Cp. 01000,Ciudad de México,Álvaro Obregón,19.348299,-99.190362
Sandía,1 Kg. Granel. Charleston. Rayada o Roja,S/M,Frutas Frescas,Frutas y Legumbres,16.9,2026/07/24,Sumesa,Supermercado / Tienda de Autoservicio,Sumesa Sucursal San Angel,Cracovia 97 Esq. Revolucion. Col. San Angel. Cp. 01000,Ciudad de México,Álvaro Obregón,19.348299,-99.190362
Tomate,1 Kg. Granel. o Tomate Verde,S/M,Hortalizas Frescas,Frutas y Legumbres,29.5,2026/07/24,Sumesa,Supermercado / Tienda de Autoservicio,Sumesa Sucursal San Angel,Cracovia 97 Esq. Revolucion. Col. San Angel. Cp. 01000,Ciudad de México,Álvaro Obregón,19.348299,-99.190362
Tomate,1 Kg. Granel. Verde Sin Cáscara,S/M,Hortalizas Frescas,Frutas y Legumbres,38.9,2026/07/24,Sumesa,Supermercado / Tienda de Autoservicio,Sumesa Sucursal San Angel,Cracovia 97 Esq. Revolucion. Col. San Angel. Cp. 01000,Ciudad de México,Álvaro Obregón,19.348299,-99.190362
Tuna,1 Kg. Granel. o Tuna Blanca,S/M,Frutas Frescas,Frutas y Legumbres,45.9,2026/07/24,Sumesa,Supermercado / Tienda de Autoservicio,Sumesa Sucursal San Angel,Cracovia 97 Esq. Revolucion. Col. San Angel. Cp. 01000,Ciudad de México,Álvaro Obregón,19.348299,-99.190362
Uva,1 Kg. Granel. Roja Sin Semilla,S/M,Frutas Frescas,Frutas y Legumbres,129,2026/07/24,Sumesa,Supermercado / Tienda de Autoservicio,Sumesa Sucursal San Angel,Cracovia 97 Esq. Revolucion. Col. San Angel. Cp. 01000,Ciudad de México,Álvaro Obregón,19.348299,-99.190362
Uva,1 Kg. Granel. Thompson. Blanca Sin Semilla,S/M,Frutas Frescas,Frutas y Legumbres,129,2026/07/24,Sumesa,Supermercado / Tienda de Autoservicio,Sumesa Sucursal San Angel,Cracovia 97 Esq. Revolucion. Col. San Angel. Cp. 01000,Ciudad de México,Álvaro Obregón,19.348299,-99.190362
Zanahoria,1 Kg. Granel. Mediana,S/M,Hortalizas Frescas,Frutas y Legumbres,18.9,2026/07/24,Sumesa,Supermercado / Tienda de Autoservicio,Sumesa Sucursal San Angel,Cracovia 97 Esq. Revolucion. Col. San Angel. Cp. 01000,Ciudad de México,Álvaro Obregón,19.348299,-99.190362
Acelga,Manojo,S/M,Hortalizas Frescas,Frutas y Legumbres,12.9,2026/07/31,Bodega Aurrera,Supermercado / Tienda de Autoservicio,Bodega Aurrera Sucursal Santa Lucia,Santa Lucia 185. Esq. Rosa Blanca. Col. Alfonso Xiii. Cp. 01460,Ciudad de México,Álvaro Obregón,19.378523,-99.199154
Aguacate,1 Kg. Granel. Hass,S/M,Frutas Frescas,Frutas y Legumbres,59,2026/07/31,Bodega Aurrera,Supermercado / Tienda de Autoservicio,Bodega Aurrera Sucursal Santa Lucia,Santa Lucia 185. Esq. Rosa Blanca. Col. Alfonso Xiii. Cp. 01460,Ciudad de México,Álvaro Obregón,19.378523,-99.199154
Apio,1 Kg. Granel,S/M,Hortalizas Frescas,Frutas y Legumbres,38.9,2026/07/31,Bodega Aurrera,Supermercado / Tienda de Autoservicio,Bodega Aurrera Sucursal Santa Lucia,Santa Lucia 185. Esq. Rosa Blanca. Col. Alfonso Xiii. Cp. 01460,Ciudad de México,Álvaro Obregón,19.378523,-99.199154
Betabel,1 Kg. Granel,S/M,Hortalizas Frescas,Frutas y Legumbres,38.9,2026/07/31,Bodega Aurrera,Supermercado / Tienda de Autoservicio,Bodega Aurrera Sucursal Santa Lucia,Santa Lucia 185. Esq. Rosa Blanca. Col. Alfonso Xiii. Cp. 01460,Ciudad de México,Álvaro Obregón,19.378523,-99.199154
Brócoli,1 Kg. Granel,S/M,Hortalizas Frescas,Frutas y Legumbres,62,2026/07/31,Bodega Aurrera,Supermercado / Tienda de Autoservicio,Bodega Aurrera Sucursal Santa Lucia,Santa Lucia 185. Esq. Rosa Blanca. Col. Alfonso Xiii. Cp. 01460,Ciudad de México,Álvaro Obregón,19.378523,-99.199154
Calabaza,1 Kg. Granel. Italiana/japonesa (Larga),S/M,Hortalizas Frescas,Frutas y Legumbres,34.9,2026/07/31,Bodega Aurrera,Supermercado / Tienda de Autoservicio,Bodega Aurrera Sucursal Santa Lucia,Santa Lucia 185. Esq. Rosa Blanca. Col. Alfonso Xiii. Cp. 01460,Ciudad de México,Álvaro Obregón,19.378523,-99.199154
Cebolla,1 Kg. Granel. Blanca Sin Rabo,S/M,Hortalizas Frescas,Frutas y Legumbres,42,2026/07/31,Bodega Aurrera,Supermercado / Tienda de Autoservicio,Bodega Aurrera Sucursal Santa Lucia,Santa Lucia 185. Esq. Rosa Blanca. Col. Alfonso Xiii. Cp. 01460,Ciudad de México,Álvaro Obregón,19.378523,-99.199154
Cebolla,1 Kg. Granel. Morada,S/M,Hortalizas Frescas,Frutas y Legumbres,44,2026/07/31,Bodega Aurrera,Supermercado / Tienda de Autoservicio,Bodega Aurrera Sucursal Santa Lucia,Santa Lucia 185. Esq. Rosa Blanca. Col. Alfonso Xiii. Cp. 01460,Ciudad de México,Álvaro Obregón,19.378523,-99.199154
Cebolla,Manojo. Cambray,S/M,Hortalizas Frescas,Frutas y Legumbres,16.9,2026/07/31,Bodega Aurrera,Supermercado / Tienda de Autoservicio,Bodega Aurrera Sucursal Santa Lucia,Santa Lucia 185. Esq. Rosa Blanca. Col. Alfonso Xiii. Cp. 01460,Ciudad de México,Álvaro Obregón,19.378523,-99.199154
Champiñones,1 Kg. Granel,S/M,Hortalizas Frescas,Frutas y Legumbres,99,2026/07/31,Bodega Aurrera,Supermercado / Tienda de Autoservicio,Bodega Aurrera Sucursal Santa Lucia,Santa Lucia 185. Esq. Rosa Blanca. Col. Alfonso Xiii. Cp. 01460,Ciudad de México,Álvaro Obregón,19.378523,-99.199154
Chayote,1 Kg. Granel. Sin Espinas,S/M,Hortalizas Frescas,Frutas y Legumbres,38.9,2026/07/31,Bodega Aurrera,Supermercado / Tienda de Autoservicio,Bodega Aurrera Sucursal Santa Lucia,Santa Lucia 185. Esq. Rosa Blanca. Col. Alfonso Xiii. Cp. 01460,Ciudad de México,Álvaro Obregón,19.378523,-99.199154
Chile Fresco,1 Kg. Granel. de Árbol Verde,S/M,Hortalizas Frescas,Frutas y Legumbres,194,2026/07/31,Bodega Aurrera,Supermercado / Tienda de Autoservicio,Bodega Aurrera Sucursal Santa Lucia,Santa Lucia 185. Esq. Rosa Blanca. Col. Alfonso Xiii. Cp. 01460,Ciudad de México,Álvaro Obregón,19.378523,-99.199154
Chile Fresco,1 Kg. Granel. Habanero,S/M,Hortalizas Frescas,Frutas y Legumbres,129,2026/07/31,Bodega Aurrera,Supermercado / Tienda de Autoservicio,Bodega Aurrera Sucursal Santa Lucia,Santa Lucia 185. Esq. Rosa Blanca. Col. Alfonso Xiii. Cp. 01460,Ciudad de México,Álvaro Obregón,19.378523,-99.199154
Chile Fresco,1 Kg. Granel. Jalapeño o Cuaresmeño,S/M,Hortalizas Frescas,Frutas y Legumbres,20,2026/07/31,Bodega Aurrera,Supermercado / Tienda de Autoservicio,Bodega Aurrera Sucursal Santa Lucia,Santa Lucia 185. Esq. Rosa Blanca. Col. Alfonso Xiii. Cp. 01460,Ciudad de México,Álvaro Obregón,19.378523,-99.199154
Chile Fresco,1 Kg. Granel. Poblano o para Rellenar,S/M,Hortalizas Frescas,Frutas y Legumbres,54,2026/07/31,Bodega Aurrera,Supermercado / Tienda de Autoservicio,Bodega Aurrera Sucursal Santa Lucia,Santa Lucia 185. Esq. Rosa Blanca. Col. Alfonso Xiii. Cp. 01460,Ciudad de México,Álvaro Obregón,19.378523,-99.199154
Chile Fresco,1 Kg. Granel. Serrano,S/M,Hortalizas Frescas,Frutas y Legumbres,54,2026/07/31,Bodega Aurrera,Supermercado / Tienda de Autoservicio,Bodega Aurrera Sucursal Santa Lucia,Santa Lucia 185. Esq. Rosa Blanca. Col. Alfonso Xiii. Cp. 01460,Ciudad de México,Álvaro Obregón,19.378523,-99.199154
Cilantro,Manojo,S/M,Hortalizas Frescas,Frutas y Legumbres,10,2026/07/31,Bodega Aurrera,Supermercado / Tienda de Autoservicio,Bodega Aurrera Sucursal Santa Lucia,Santa Lucia 185. Esq. Rosa Blanca. Col. Alfonso Xiii. Cp. 01460,Ciudad de México,Álvaro Obregón,19.378523,-99.199154
Col,1 Kg. Granel. Blanca o Repollo,S/M,Hortalizas Frescas,Frutas y Legumbres,29.9,2026/07/31,Bodega Aurrera,Supermercado / Tienda de Autoservicio,Bodega Aurrera Sucursal Santa Lucia,Santa Lucia 185. Esq. Rosa Blanca. Col. Alfonso Xiii. Cp. 01460,Ciudad de México,Álvaro Obregón,19.378523,-99.199154
Col,1 Kg. Granel. Morada,S/M,Hortalizas Frescas,Frutas y Legumbres,59,2026/07/31,Bodega Aurrera,Supermercado / Tienda de Autoservicio,Bodega Aurrera Sucursal Santa Lucia,Santa Lucia 185. Esq. Rosa Blanca. Col. Alfonso Xiii. Cp. 01460,Ciudad de México,Álvaro Obregón,19.378523,-99.199154
Coliflor,Pieza,S/M,Hortalizas Frescas,Frutas y Legumbres,62,2026/07/31,Bodega Aurrera,Supermercado / Tienda de Autoservicio,Bodega Aurrera Sucursal Santa Lucia,Santa Lucia 185. Esq. Rosa Blanca. Col. Alfonso Xiii. Cp. 01460,Ciudad de México,Álvaro Obregón,19.378523,-99.199154
Durazno,1 Kg. Granel. Melocotón,S/M,Frutas Frescas,Frutas y Legumbres,70,2026/07/31,Bodega Aurrera,Supermercado / Tienda de Autoservicio,Bodega Aurrera Sucursal Santa Lucia,Santa Lucia 185. Esq. Rosa Blanca. Col. Alfonso Xiii. Cp. 01460,Ciudad de México,Álvaro Obregón,19.378523,-99.199154
Ejote,1 Kg. Granel. Verde,S/M,Hortalizas Frescas,Frutas y Legumbres,64,2026/07/31,Bodega Aurrera,Supermercado / Tienda de Autoservicio,Bodega Aurrera Sucursal Santa Lucia,Santa Lucia 185. Esq. Rosa Blanca. Col. Alfonso Xiii. Cp. 01460,Ciudad de México,Álvaro Obregón,19.378523,-99.199154
Elote,Pieza,S/M,Hortalizas Frescas,Frutas y Legumbres,13.9,2026/07/31,Bodega Aurrera,Supermercado / Tienda de Autoservicio,Bodega Aurrera Sucursal Santa Lucia,Santa Lucia 185. Esq. Rosa Blanca. Col. Alfonso Xiii. Cp. 01460,Ciudad de México,Álvaro Obregón,19.378523,-99.199154
Espinacas,Manojo,S/M,Hortalizas Frescas,Frutas y Legumbres,13.9,2026/07/31,Bodega Aurrera,Supermercado / Tienda de Autoservicio,Bodega Aurrera Sucursal Santa Lucia,Santa Lucia 185. Esq. Rosa Blanca. Col. Alfonso Xiii. Cp. 01460,Ciudad de México,Álvaro Obregón,19.378523,-99.199154
Fresa,Paquete o Canastilla 454 Gr.,S/M,Frutas Frescas,Frutas y Legumbres,74,2026/07/31,Bodega Aurrera,Supermercado / Tienda de Autoservicio,Bodega Aurrera Sucursal Santa Lucia,Santa Lucia 185. Esq. Rosa Blanca. Col. Alfonso Xiii. Cp. 01460,Ciudad de México,Álvaro Obregón,19.378523,-99.199154
Guayaba,1 Kg. Granel,S/M,Frutas Frescas,Frutas y Legumbres,50,2026/07/31,Bodega Aurrera,Supermercado / Tienda de Autoservicio,Bodega Aurrera Sucursal Santa Lucia,Santa Lucia 185. Esq. Rosa Blanca. Col. Alfonso Xiii. Cp. 01460,Ciudad de México,Álvaro Obregón,19.378523,-99.199154
Jícama,1 Kg. Granel,S/M,Productos de Temporada (Navideños),Frutas y Legumbres,25,2026/07/31,Bodega Aurrera,Supermercado / Tienda de Autoservicio,Bodega Aurrera Sucursal Santa Lucia,Santa Lucia 185. Esq. Rosa Blanca. Col. Alfonso Xiii. Cp. 01460,Ciudad de México,Álvaro Obregón,19.378523,-99.199154
Jitomate,1 Kg. Granel. Saladette/huaje o Tomate Saladette/huaje,S/M,Hortalizas Frescas,Frutas y Legumbres,15,2026/07/31,Bodega Aurrera,Supermercado / Tienda de Autoservicio,Bodega Aurrera Sucursal Santa Lucia,Santa Lucia 185. Esq. Rosa Blanca. Col. Alfonso Xiii. Cp. 01460,Ciudad de México,Álvaro Obregón,19.378523,-99.199154
Kiwi,1 Kg. Granel,S/M,Frutas Frescas,Frutas y Legumbres,74,2026/07/31,Bodega Aurrera,Supermercado / Tienda de Autoservicio,Bodega Aurrera Sucursal Santa Lucia,Santa Lucia 185. Esq. Rosa Blanca. Col. Alfonso Xiii. Cp. 01460,Ciudad de México,Álvaro Obregón,19.378523,-99.199154
Lechuga,Pieza. Romana,S/M,Hortalizas Frescas,Frutas y Legumbres,22,2026/07/31,Bodega Aurrera,Supermercado / Tienda de Autoservicio,Bodega Aurrera Sucursal Santa Lucia,Santa Lucia 185. Esq. Rosa Blanca. Col. Alfonso Xiii. Cp. 01460,Ciudad de México,Álvaro Obregón,19.378523,-99.199154
Limón,1 Kg. Granel. Agrio con Semilla o Colima,S/M,Frutas Frescas,Frutas y Legumbres,35,2026/07/31,Bodega Aurrera,Supermercado / Tienda de Autoservicio,Bodega Aurrera Sucursal Santa Lucia,Santa Lucia 185. Esq. Rosa Blanca. Col. Alfonso Xiii. Cp. 01460,Ciudad de México,Álvaro Obregón,19.378523,-99.199154
Limón,1 Kg. Granel. Agrio Sin Semilla o Persa,S/M,Frutas Frescas,Frutas y Legumbres,35,2026/07/31,Bodega Aurrera,Supermercado / Tienda de Autoservicio,Bodega Aurrera Sucursal Santa Lucia,Santa Lucia 185. Esq. Rosa Blanca. Col. Alfonso Xiii. Cp. 01460,Ciudad de México,Álvaro Obregón,19.378523,-99.199154
Mamey,1 Kg. Granel,S/M,Frutas Frescas,Frutas y Legumbres,47.9,2026/07/31,Bodega Aurrera,Supermercado / Tienda de Autoservicio,Bodega Aurrera Sucursal Santa Lucia,Santa Lucia 185. Esq. Rosa Blanca. Col. Alfonso Xiii. Cp. 01460,Ciudad de México,Álvaro Obregón,19.378523,-99.199154
Mandarina,1 Kg. Granel,S/M,Frutas Frescas,Frutas y Legumbres,45,2026/07/31,Bodega Aurrera,Supermercado / Tienda de Autoservicio,Bodega Aurrera Sucursal Santa Lucia,Santa Lucia 185. Esq. Rosa Blanca. Col. Alfonso Xiii. Cp. 01460,Ciudad de México,Álvaro Obregón,19.378523,-99.199154
Mango,1 Kg. Granel. Paraiso Petacón,S/M,Frutas Frescas,Frutas y Legumbres,24,2026/07/31,Bodega Aurrera,Supermercado / Tienda de Autoservicio,Bodega Aurrera Sucursal Santa Lucia,Santa Lucia 185. Esq. Rosa Blanca. Col. Alfonso Xiii. Cp. 01460,Ciudad de México,Álvaro Obregón,19.378523,-99.199154
Manzana,1 Kg. Granel. Granny Smith,S/M,Frutas Frescas,Frutas y Legumbres,53,2026/07/31,Bodega Aurrera,Supermercado / Tienda de Autoservicio,Bodega Aurrera Sucursal Santa Lucia,Santa Lucia 185. Esq. Rosa Blanca. Col. Alfonso Xiii. Cp. 01460,Ciudad de México,Álvaro Obregón,19.378523,-99.199154
Manzana,1 Kg. Granel. Red Delicious/roja/roja Mediana/roja Americana,S/M,Frutas Frescas,Frutas y Legumbres,38,2026/07/31,Bodega Aurrera,Supermercado / Tienda de Autoservicio,Bodega Aurrera Sucursal Santa Lucia,Santa Lucia 185. Esq. Rosa Blanca. Col. Alfonso Xiii. Cp. 01460,Ciudad de México,Álvaro Obregón,19.378523,-99.199154
Manzana,1 Kg. Granel. Royal Gala,S/M,Frutas Frescas,Frutas y Legumbres,54,2026/07/31,Bodega Aurrera,Supermercado / Tienda de Autoservicio,Bodega Aurrera Sucursal Santa Lucia,Santa Lucia 185. Esq. Rosa Blanca. Col. Alfonso Xiii. Cp. 01460,Ciudad de México,Álvaro Obregón,19.378523,-99.199154
Melón,1 Kg. Granel. Chino,S/M,Frutas Frescas,Frutas y Legumbres,32,2026/07/31,Bodega Aurrera,Supermercado / Tienda de Autoservicio,Bodega Aurrera Sucursal Santa Lucia,Santa Lucia 185. Esq. Rosa Blanca. Col. Alfonso Xiii. Cp. 01460,Ciudad de México,Álvaro Obregón,19.378523,-99.199154
Papa,1 Kg. Granel. Alfa/blanca,S/M,Hortalizas Frescas,Frutas y Legumbres,65,2026/07/31,Bodega Aurrera,Supermercado / Tienda de Autoservicio,Bodega Aurrera Sucursal Santa Lucia,Santa Lucia 185. Esq. Rosa Blanca. Col. Alfonso Xiii. Cp. 01460,Ciudad de México,Álvaro Obregón,19.378523,-99.199154
Papaya,1 Kg. Granel. Maradol,S/M,Frutas Frescas,Frutas y Legumbres,39.9,2026/07/31,Bodega Aurrera,Supermercado / Tienda de Autoservicio,Bodega Aurrera Sucursal Santa Lucia,Santa Lucia 185. Esq. Rosa Blanca. Col. Alfonso Xiii. Cp. 01460,Ciudad de México,Álvaro Obregón,19.378523,-99.199154
Pepino,1 Kg. Granel,S/M,Hortalizas Frescas,Frutas y Legumbres,22,2026/07/31,Bodega Aurrera,Supermercado / Tienda de Autoservicio,Bodega Aurrera Sucursal Santa Lucia,Santa Lucia 185. Esq. Rosa Blanca. Col. Alfonso Xiii. Cp. 01460,Ciudad de México,Álvaro Obregón,19.378523,-99.199154
Perón,1 Kg. Granel. Golden,S/M,Frutas Frescas,Frutas y Legumbres,57,2026/07/31,Bodega Aurrera,Supermercado / Tienda de Autoservicio,Bodega Aurrera Sucursal Santa Lucia,Santa Lucia 185. Esq. Rosa Blanca. Col. Alfonso Xiii. Cp. 01460,Ciudad de México,Álvaro Obregón,19.378523,-99.199154
Pimiento,1 Kg. Granel. Morrón Verde,S/M,Hortalizas Frescas,Frutas y Legumbres,80,2026/07/31,Bodega Aurrera,Supermercado / Tienda de Autoservicio,Bodega Aurrera Sucursal Santa Lucia,Santa Lucia 185. Esq. Rosa Blanca. Col. Alfonso Xiii. Cp. 01460,Ciudad de México,Álvaro Obregón,19.378523,-99.199154
Piña,1 Kg. Granel. Miel,S/M,Frutas Frescas,Frutas y Legumbres,20,2026/07/31,Bodega Aurrera,Supermercado / Tienda de Autoservicio,Bodega Aurrera Sucursal Santa Lucia,Santa Lucia 185. Esq. Rosa Blanca. Col. Alfonso Xiii. Cp. 01460,Ciudad de México,Álvaro Obregón,19.378523,-99.199154
Plátano,1 Kg. Granel. Macho,S/M,Frutas Frescas,Frutas y Legumbres,38.9,2026/07/31,Bodega Aurrera,Supermercado / Tienda de Autoservicio,Bodega Aurrera Sucursal Santa Lucia,Santa Lucia 185. Esq. Rosa Blanca. Col. Alfonso Xiii. Cp. 01460,Ciudad de México,Álvaro Obregón,19.378523,-99.199154
Plátano,1 Kg. Granel. Tabasco/chiapas/roatán/portalimón,S/M,Frutas Frescas,Frutas y Legumbres,23,2026/07/31,Bodega Aurrera,Supermercado / Tienda de Autoservicio,Bodega Aurrera Sucursal Santa Lucia,Santa Lucia 185. Esq. Rosa Blanca. Col. Alfonso Xiii. Cp. 01460,Ciudad de México,Álvaro Obregón,19.378523,-99.199154
Rábano,Bolsa. Cambray,S/M,Hortalizas Frescas,Frutas y Legumbres,24.9,2026/07/31,Bodega Aurrera,Supermercado / Tienda de Autoservicio,Bodega Aurrera Sucursal Santa Lucia,Santa Lucia 185. Esq. Rosa Blanca. Col. Alfonso Xiii. Cp. 01460,Ciudad de México,Álvaro Obregón,19.378523,-99.199154
Sandía,1 Kg. Granel. Charleston. Rayada o Roja,S/M,Frutas Frescas,Frutas y Legumbres,12.9,2026/07/31,Bodega Aurrera,Supermercado / Tienda de Autoservicio,Bodega Aurrera Sucursal Santa Lucia,Santa Lucia 185. Esq. Rosa Blanca. Col. Alfonso Xiii. Cp. 01460,Ciudad de México,Álvaro Obregón,19.378523,-99.199154
Tamarindo,Bolsa 500 Gr.,S/M,Productos de Temporada (Navideños),Frutas y Legumbres,70,2026/07/31,Bodega Aurrera,Supermercado / Tienda de Autoservicio,Bodega Aurrera Sucursal Santa Lucia,Santa Lucia 185. Esq. Rosa Blanca. Col. Alfonso Xiii. Cp. 01460,Ciudad de México,Álvaro Obregón,19.378523,-99.199154
Tomate,1 Kg. Granel. Verde Sin Cáscara,S/M,Hortalizas Frescas,Frutas y Legumbres,36.9,2026/07/31,Bodega Aurrera,Supermercado / Tienda de Autoservicio,Bodega Aurrera Sucursal Santa Lucia,Santa Lucia 185. Esq. Rosa Blanca. Col. Alfonso Xiii. Cp. 01460,Ciudad de México,Álvaro Obregón,19.378523,-99.199154
Tuna,1 Kg. Granel. o Tuna Blanca,S/M,Frutas Frescas,Frutas y Legumbres,39.9,2026/07/31,Bodega Aurrera,Supermercado / Tienda de Autoservicio,Bodega Aurrera Sucursal Santa Lucia,Santa Lucia 185. Esq. Rosa Blanca. Col. Alfonso Xiii. Cp. 01460,Ciudad de México,Álvaro Obregón,19.378523,-99.199154
Uva,1 Kg. Granel. Globo o Red Globo,S/M,Frutas Frescas,Frutas y Legumbres,44,2026/07/31,Bodega Aurrera,Supermercado / Tienda de Autoservicio,Bodega Aurrera Sucursal Santa Lucia,Santa Lucia 185. Esq. Rosa Blanca. Col. Alfonso Xiii. Cp. 01460,Ciudad de México,Álvaro Obregón,19.378523,-99.199154
Zanahoria,1 Kg. Granel. Mediana,S/M,Hortalizas Frescas,Frutas y Legumbres,15.5,2026/07/31,Bodega Aurrera,Supermercado / Tienda de Autoservicio,Bodega Aurrera Sucursal Santa Lucia,Santa Lucia 185. Esq. Rosa Blanca. Col. Alfonso Xiii. Cp. 01460,Ciudad de México,Álvaro Obregón,19.378523,-99.199154
Aguacate,1 Kg. Granel. Hass,S/M,Frutas Frescas,Frutas y Legumbres,79.9,2026/07/31,La Comer,Supermercado / Tienda de Autoservicio,Lacomer Sucursal el Olivar,De las Torres 446. Entre San Pablo y San Pedro. Col. San Jose del Olivar. Cp. 01770,Ciudad de México,Álvaro Obregón,19.33546,-99.227253
Alcachofa,1 Kg. Granel,S/M,Hortalizas Frescas,Frutas y Legumbres,185,2026/07/31,La Comer,Supermercado / Tienda de Autoservicio,Lacomer Sucursal el Olivar,De las Torres 446. Entre San Pablo y San Pedro. Col. San Jose del Olivar. Cp. 01770,Ciudad de México,Álvaro Obregón,19.33546,-99.227253
Apio,1 Kg. Granel,S/M,Hortalizas Frescas,Frutas y Legumbres,32.9,2026/07/31,La Comer,Supermercado / Tienda de Autoservicio,Lacomer Sucursal el Olivar,De las Torres 446. Entre San Pablo y San Pedro. Col. San Jose del Olivar. Cp. 01770,Ciudad de México,Álvaro Obregón,19.33546,-99.227253
Betabel,1 Kg. Granel,S/M,Hortalizas Frescas,Frutas y Legumbres,32.9,2026/07/31,La Comer,Supermercado / Tienda de Autoservicio,Lacomer Sucursal el Olivar,De las Torres 446. Entre San Pablo y San Pedro. Col. San Jose del Olivar. Cp. 01770,Ciudad de México,Álvaro Obregón,19.33546,-99.227253
Brócoli,1 Kg. Granel,S/M,Hortalizas Frescas,Frutas y Legumbres,39.9,2026/07/31,La Comer,Supermercado / Tienda de Autoservicio,Lacomer Sucursal el Olivar,De las Torres 446. Entre San Pablo y San Pedro. Col. San Jose del Olivar. Cp. 01770,Ciudad de México,Álvaro Obregón,19.33546,-99.227253
Calabaza,1 Kg. Granel. Italiana/japonesa (Larga),S/M,Hortalizas Frescas,Frutas y Legumbres,34.9,2026/07/31,La Comer,Supermercado / Tienda de Autoservicio,Lacomer Sucursal el Olivar,De las Torres 446. Entre San Pablo y San Pedro. Col. San Jose del Olivar. Cp. 01770,Ciudad de México,Álvaro Obregón,19.33546,-99.227253
Cebolla,1 Kg. Granel. Blanca Sin Rabo,S/M,Hortalizas Frescas,Frutas y Legumbres,34.9,2026/07/31,La Comer,Supermercado / Tienda de Autoservicio,Lacomer Sucursal el Olivar,De las Torres 446. Entre San Pablo y San Pedro. Col. San Jose del Olivar. Cp. 01770,Ciudad de México,Álvaro Obregón,19.33546,-99.227253
Cebolla,1 Kg. Granel. Morada,S/M,Hortalizas Frescas,Frutas y Legumbres,39.9,2026/07/31,La Comer,Supermercado / Tienda de Autoservicio,Lacomer Sucursal el Olivar,De las Torres 446. Entre San Pablo y San Pedro. Col. San Jose del Olivar. Cp. 01770,Ciudad de México,Álvaro Obregón,19.33546,-99.227253
Cebolla,Manojo. Cambray,S/M,Hortalizas Frescas,Frutas y Legumbres,10.9,2026/07/31,La Comer,Supermercado / Tienda de Autoservicio,Lacomer Sucursal el Olivar,De las Torres 446. Entre San Pablo y San Pedro. Col. San Jose del Olivar. Cp. 01770,Ciudad de México,Álvaro Obregón,19.33546,-99.227253
Champiñones,1 Kg. Granel,S/M,Hortalizas Frescas,Frutas y Legumbres,125,2026/07/31,La Comer,Supermercado / Tienda de Autoservicio,Lacomer Sucursal el Olivar,De las Torres 446. Entre San Pablo y San Pedro. Col. San Jose del Olivar. Cp. 01770,Ciudad de México,Álvaro Obregón,19.33546,-99.227253
Chayote,1 Kg. Granel. Sin Espinas,S/M,Hortalizas Frescas,Frutas y Legumbres,24.9,2026/07/31,La Comer,Supermercado / Tienda de Autoservicio,Lacomer Sucursal el Olivar,De las Torres 446. Entre San Pablo y San Pedro. Col. San Jose del Olivar. Cp. 01770,Ciudad de México,Álvaro Obregón,19.33546,-99.227253
Chícharos,1 Kg. Granel. en Vaina,S/M,Hortalizas Frescas,Frutas y Legumbres,79.9,2026/07/31,La Comer,Supermercado / Tienda de Autoservicio,Lacomer Sucursal el Olivar,De las Torres 446. Entre San Pablo y San Pedro. Col. San Jose del Olivar. Cp. 01770,Ciudad de México,Álvaro Obregón,19.33546,-99.227253
Chile Fresco,1 Kg. Granel. Habanero,S/M,Hortalizas Frescas,Frutas y Legumbres,129,2026/07/31,La Comer,Supermercado / Tienda de Autoservicio,Lacomer Sucursal el Olivar,De las Torres 446. Entre San Pablo y San Pedro. Col. San Jose del Olivar. Cp. 01770,Ciudad de México,Álvaro Obregón,19.33546,-99.227253
Chile Fresco,1 Kg. Granel. Jalapeño o Cuaresmeño,S/M,Hortalizas Frescas,Frutas y Legumbres,5.7,2026/07/31,La Comer,Supermercado / Tienda de Autoservicio,Lacomer Sucursal el Olivar,De las Torres 446. Entre San Pablo y San Pedro. Col. San Jose del Olivar. Cp. 01770,Ciudad de México,Álvaro Obregón,19.33546,-99.227253
Chile Fresco,1 Kg. Granel. Poblano o para Rellenar,S/M,Hortalizas Frescas,Frutas y Legumbres,49.9,2026/07/31,La Comer,Supermercado / Tienda de Autoservicio,Lacomer Sucursal el Olivar,De las Torres 446. Entre San Pablo y San Pedro. Col. San Jose del Olivar. Cp. 01770,Ciudad de México,Álvaro Obregón,19.33546,-99.227253
Chile Fresco,1 Kg. Granel. Serrano,S/M,Hortalizas Frescas,Frutas y Legumbres,59.9,2026/07/31,La Comer,Supermercado / Tienda de Autoservicio,Lacomer Sucursal el Olivar,De las Torres 446. Entre San Pablo y San Pedro. Col. San Jose del Olivar. Cp. 01770,Ciudad de México,Álvaro Obregón,19.33546,-99.227253
Cilantro,Manojo,S/M,Hortalizas Frescas,Frutas y Legumbres,10.9,2026/07/31,La Comer,Supermercado / Tienda de Autoservicio,Lacomer Sucursal el Olivar,De las Torres 446. Entre San Pablo y San Pedro. Col. San Jose del Olivar. Cp. 01770,Ciudad de México,Álvaro Obregón,19.33546,-99.227253
Col,1 Kg. Granel. Morada,S/M,Hortalizas Frescas,Frutas y Legumbres,37.1,2026/07/31,La Comer,Supermercado / Tienda de Autoservicio,Lacomer Sucursal el Olivar,De las Torres 446. Entre San Pablo y San Pedro. Col. San Jose del Olivar. Cp. 01770,Ciudad de México,Álvaro Obregón,19.33546,-99.227253
Durazno,1 Kg. Granel. Amarillo,S/M,Frutas Frescas,Frutas y Legumbres,110,2026/07/31,La Comer,Supermercado / Tienda de Autoservicio,Lacomer Sucursal el Olivar,De las Torres 446. Entre San Pablo y San Pedro. Col. San Jose del Olivar. Cp. 01770,Ciudad de México,Álvaro Obregón,19.33546,-99.227253
Ejote,1 Kg. Granel. Verde,S/M,Hortalizas Frescas,Frutas y Legumbres,49.9,2026/07/31,La Comer,Supermercado / Tienda de Autoservicio,Lacomer Sucursal el Olivar,De las Torres 446. Entre San Pablo y San Pedro. Col. San Jose del Olivar. Cp. 01770,Ciudad de México,Álvaro Obregón,19.33546,-99.227253
Elote,Pieza,S/M,Hortalizas Frescas,Frutas y Legumbres,10.9,2026/07/31,La Comer,Supermercado / Tienda de Autoservicio,Lacomer Sucursal el Olivar,De las Torres 446. Entre San Pablo y San Pedro. Col. San Jose del Olivar. Cp. 01770,Ciudad de México,Álvaro Obregón,19.33546,-99.227253
Espinacas,Manojo,S/M,Hortalizas Frescas,Frutas y Legumbres,10.9,2026/07/31,La Comer,Supermercado / Tienda de Autoservicio,Lacomer Sucursal el Olivar,De las Torres 446. Entre San Pablo y San Pedro. Col. San Jose del Olivar. Cp. 01770,Ciudad de México,Álvaro Obregón,19.33546,-99.227253
Fresa,Paquete o Canastilla 454 Gr.,S/M,Frutas Frescas,Frutas y Legumbres,79.9,2026/07/31,La Comer,Supermercado / Tienda de Autoservicio,Lacomer Sucursal el Olivar,De las Torres 446. Entre San Pablo y San Pedro. Col. San Jose del Olivar. Cp. 01770,Ciudad de México,Álvaro Obregón,19.33546,-99.227253
Jícama,1 Kg. Granel,S/M,Productos de Temporada (Navideños),Frutas y Legumbres,29.9,2026/07/31,La Comer,Supermercado / Tienda de Autoservicio,Lacomer Sucursal el Olivar,De las Torres 446. Entre San Pablo y San Pedro. Col. San Jose del Olivar. Cp. 01770,Ciudad de México,Álvaro Obregón,19.33546,-99.227253
Jitomate,1 Kg. Granel. Bola/sinaloa o Tomate Bola,S/M,Hortalizas Frescas,Frutas y Legumbres,59.9,2026/07/31,La Comer,Supermercado / Tienda de Autoservicio,Lacomer Sucursal el Olivar,De las Torres 446. Entre San Pablo y San Pedro. Col. San Jose del Olivar. Cp. 01770,Ciudad de México,Álvaro Obregón,19.33546,-99.227253
Jitomate,1 Kg. Granel. Saladette/huaje o Tomate Saladette/huaje,S/M,Hortalizas Frescas,Frutas y Legumbres,24.9,2026/07/31,La Comer,Supermercado / Tienda de Autoservicio,Lacomer Sucursal el Olivar,De las Torres 446. Entre San Pablo y San Pedro. Col. San Jose del Olivar. Cp. 01770,Ciudad de México,Álvaro Obregón,19.33546,-99.227253
Kiwi,1 Kg. Granel,S/M,Frutas Frescas,Frutas y Legumbres,125,2026/07/31,La Comer,Supermercado / Tienda de Autoservicio,Lacomer Sucursal el Olivar,De las Torres 446. Entre San Pablo y San Pedro. Col. San Jose del Olivar. Cp. 01770,Ciudad de México,Álvaro Obregón,19.33546,-99.227253
Lechuga,Pieza. Romana,S/M,Hortalizas Frescas,Frutas y Legumbres,39.9,2026/07/31,La Comer,Supermercado / Tienda de Autoservicio,Lacomer Sucursal el Olivar,De las Torres 446. Entre San Pablo y San Pedro. Col. San Jose del Olivar. Cp. 01770,Ciudad de México,Álvaro Obregón,19.33546,-99.227253
Limón,1 Kg. Granel. Agrio con Semilla o Colima,S/M,Frutas Frescas,Frutas y Legumbres,49.9,2026/07/31,La Comer,Supermercado / Tienda de Autoservicio,Lacomer Sucursal el Olivar,De las Torres 446. Entre San Pablo y San Pedro. Col. San Jose del Olivar. Cp. 01770,Ciudad de México,Álvaro Obregón,19.33546,-99.227253
Limón,1 Kg. Granel. Agrio Sin Semilla o Persa,S/M,Frutas Frescas,Frutas y Legumbres,20.9,2026/07/31,La Comer,Supermercado / Tienda de Autoservicio,Lacomer Sucursal el Olivar,De las Torres 446. Entre San Pablo y San Pedro. Col. San Jose del Olivar. Cp. 01770,Ciudad de México,Álvaro Obregón,19.33546,-99.227253
Mamey,1 Kg. Granel,S/M,Frutas Frescas,Frutas y Legumbres,45.9,2026/07/31,La Comer,Supermercado / Tienda de Autoservicio,Lacomer Sucursal el Olivar,De las Torres 446. Entre San Pablo y San Pedro. Col. San Jose del Olivar. Cp. 01770,Ciudad de México,Álvaro Obregón,19.33546,-99.227253
Mandarina,1 Kg. Granel,S/M,Frutas Frescas,Frutas y Legumbres,89.9,2026/07/31,La Comer,Supermercado / Tienda de Autoservicio,Lacomer Sucursal el Olivar,De las Torres 446. Entre San Pablo y San Pedro. Col. San Jose del Olivar. Cp. 01770,Ciudad de México,Álvaro Obregón,19.33546,-99.227253
Mango,1 Kg. Granel. Manila,S/M,Frutas Frescas,Frutas y Legumbres,59.9,2026/07/31,La Comer,Supermercado / Tienda de Autoservicio,Lacomer Sucursal el Olivar,De las Torres 446. Entre San Pablo y San Pedro. Col. San Jose del Olivar. Cp. 01770,Ciudad de México,Álvaro Obregón,19.33546,-99.227253
Mango,1 Kg. Granel. Paraiso Petacón,S/M,Frutas Frescas,Frutas y Legumbres,39.9,2026/07/31,La Comer,Supermercado / Tienda de Autoservicio,Lacomer Sucursal el Olivar,De las Torres 446. Entre San Pablo y San Pedro. Col. San Jose del Olivar. Cp. 01770,Ciudad de México,Álvaro Obregón,19.33546,-99.227253
Manzana,1 Kg. Granel. Granny Smith,S/M,Frutas Frescas,Frutas y Legumbres,49.9,2026/07/31,La Comer,Supermercado / Tienda de Autoservicio,Lacomer Sucursal el Olivar,De las Torres 446. Entre San Pablo y San Pedro. Col. San Jose del Olivar. Cp. 01770,Ciudad de México,Álvaro Obregón,19.33546,-99.227253
Manzana,1 Kg. Granel. Red Delicious/roja/roja Mediana/roja Americana,S/M,Frutas Frescas,Frutas y Legumbres,39.9,2026/07/31,La Comer,Supermercado / Tienda de Autoservicio,Lacomer Sucursal el Olivar,De las Torres 446. Entre San Pablo y San Pedro. Col. San Jose del Olivar. Cp. 01770,Ciudad de México,Álvaro Obregón,19.33546,-99.227253
Manzana,1 Kg. Granel. Royal Gala,S/M,Frutas Frescas,Frutas y Legumbres,69.9,2026/07/31,La Comer,Supermercado / Tienda de Autoservicio,Lacomer Sucursal el Olivar,De las Torres 446. Entre San Pablo y San Pedro. Col. San Jose del Olivar. Cp. 01770,Ciudad de México,Álvaro Obregón,19.33546,-99.227253
Melón,1 Kg. Granel. Chino,S/M,Frutas Frescas,Frutas y Legumbres,32.9,2026/07/31,La Comer,Supermercado / Tienda de Autoservicio,Lacomer Sucursal el Olivar,De las Torres 446. Entre San Pablo y San Pedro. Col. San Jose del Olivar. Cp. 01770,Ciudad de México,Álvaro Obregón,19.33546,-99.227253
Melón,1 Kg. Granel. Valenciano o Amarillo,S/M,Frutas Frescas,Frutas y Legumbres,49.9,2026/07/31,La Comer,Supermercado / Tienda de Autoservicio,Lacomer Sucursal el Olivar,De las Torres 446. Entre San Pablo y San Pedro. Col. San Jose del Olivar. Cp. 01770,Ciudad de México,Álvaro Obregón,19.33546,-99.227253
Naranja,1 Kg. Granel. Valencia,S/M,Frutas Frescas,Frutas y Legumbres,41.9,2026/07/31,La Comer,Supermercado / Tienda de Autoservicio,Lacomer Sucursal el Olivar,De las Torres 446. Entre San Pablo y San Pedro. Col. San Jose del Olivar. Cp. 01770,Ciudad de México,Álvaro Obregón,19.33546,-99.227253
Nopal,1 Kg. Granel. Sin Espinas,S/M,Hortalizas Frescas,Frutas y Legumbres,29.9,2026/07/31,La Comer,Supermercado / Tienda de Autoservicio,Lacomer Sucursal el Olivar,De las Torres 446. Entre San Pablo y San Pedro. Col. San Jose del Olivar. Cp. 01770,Ciudad de México,Álvaro Obregón,19.33546,-99.227253
Papa,1 Kg. Granel. Alfa/blanca,S/M,Hortalizas Frescas,Frutas y Legumbres,50.9,2026/07/31,La Comer,Supermercado / Tienda de Autoservicio,Lacomer Sucursal el Olivar,De las Torres 446. Entre San Pablo y San Pedro. Col. San Jose del Olivar. Cp. 01770,Ciudad de México,Álvaro Obregón,19.33546,-99.227253
Papaya,1 Kg. Granel. Maradol,S/M,Frutas Frescas,Frutas y Legumbres,39.9,2026/07/31,La Comer,Supermercado / Tienda de Autoservicio,Lacomer Sucursal el Olivar,De las Torres 446. Entre San Pablo y San Pedro. Col. San Jose del Olivar. Cp. 01770,Ciudad de México,Álvaro Obregón,19.33546,-99.227253
Pepino,1 Kg. Granel,S/M,Hortalizas Frescas,Frutas y Legumbres,36.9,2026/07/31,La Comer,Supermercado / Tienda de Autoservicio,Lacomer Sucursal el Olivar,De las Torres 446. Entre San Pablo y San Pedro. Col. San Jose del Olivar. Cp. 01770,Ciudad de México,Álvaro Obregón,19.33546,-99.227253
Pera,1 Kg. Granel. D´anjou,S/M,Frutas Frescas,Frutas y Legumbres,69.9,2026/07/31,La Comer,Supermercado / Tienda de Autoservicio,Lacomer Sucursal el Olivar,De las Torres 446. Entre San Pablo y San Pedro. Col. San Jose del Olivar. Cp. 01770,Ciudad de México,Álvaro Obregón,19.33546,-99.227253
Pimiento,1 Kg. Granel. Morrón Verde,S/M,Hortalizas Frescas,Frutas y Legumbres,89.9,2026/07/31,La Comer,Supermercado / Tienda de Autoservicio,Lacomer Sucursal el Olivar,De las Torres 446. Entre San Pablo y San Pedro. Col. San Jose del Olivar. Cp. 01770,Ciudad de México,Álvaro Obregón,19.33546,-99.227253
Piña,1 Kg. Granel. Miel,S/M,Frutas Frescas,Frutas y Legumbres,29.9,2026/07/31,La Comer,Supermercado / Tienda de Autoservicio,Lacomer Sucursal el Olivar,De las Torres 446. Entre San Pablo y San Pedro. Col. San Jose del Olivar. Cp. 01770,Ciudad de México,Álvaro Obregón,19.33546,-99.227253
Plátano,1 Kg. Granel. Macho,S/M,Frutas Frescas,Frutas y Legumbres,43.9,2026/07/31,La Comer,Supermercado / Tienda de Autoservicio,Lacomer Sucursal el Olivar,De las Torres 446. Entre San Pablo y San Pedro. Col. San Jose del Olivar. Cp. 01770,Ciudad de México,Álvaro Obregón,19.33546,-99.227253
Plátano,1 Kg. Granel. Tabasco/chiapas/roatán/portalimón,S/M,Frutas Frescas,Frutas y Legumbres,25.9,2026/07/31,La Comer,Supermercado / Tienda de Autoservicio,Lacomer Sucursal el Olivar,De las Torres 446. Entre San Pablo y San Pedro. Col. San Jose del Olivar. Cp. 01770,Ciudad de México,Álvaro Obregón,19.33546,-99.227253
Rábano,Manojo. Cambray,S/M,Hortalizas Frescas,Frutas y Legumbres,18.9,2026/07/31,La Comer,Supermercado / Tienda de Autoservicio,Lacomer Sucursal el Olivar,De las Torres 446. Entre San Pablo y San Pedro. Col. San Jose del Olivar. Cp. 01770,Ciudad de México,Álvaro Obregón,19.33546,-99.227253
Sandía,1 Kg. Granel. Charleston. Rayada o Roja,S/M,Frutas Frescas,Frutas y Legumbres,16.9,2026/07/31,La Comer,Supermercado / Tienda de Autoservicio,Lacomer Sucursal el Olivar,De las Torres 446. Entre San Pablo y San Pedro. Col. San Jose del Olivar. Cp. 01770,Ciudad de México,Álvaro Obregón,19.33546,-99.227253
Tomate,1 Kg. Granel. Verde Sin Cáscara,S/M,Hortalizas Frescas,Frutas y Legumbres,38.9,2026/07/31,La Comer,Supermercado / Tienda de Autoservicio,Lacomer Sucursal el Olivar,De las Torres 446. Entre San Pablo y San Pedro. Col. San Jose del Olivar. Cp. 01770,Ciudad de México,Álvaro Obregón,19.33546,-99.227253
Toronja,1 Kg. Granel. o Toronja Sangría,S/M,Frutas Frescas,Frutas y Legumbres,36.9,2026/07/31,La Comer,Supermercado / Tienda de Autoservicio,Lacomer Sucursal el Olivar,De las Torres 446. Entre San Pablo y San Pedro. Col. San Jose del Olivar. Cp. 01770,Ciudad de México,Álvaro Obregón,19.33546,-99.227253
Tuna,1 Kg. Granel. o Tuna Blanca,S/M,Frutas Frescas,Frutas y Legumbres,42.9,2026/07/31,La Comer,Supermercado / Tienda de Autoservicio,Lacomer Sucursal el Olivar,De las Torres 446. Entre San Pablo y San Pedro. Col. San Jose del Olivar. Cp. 01770,Ciudad de México,Álvaro Obregón,19.33546,-99.227253
Uva,1 Kg. Granel. Thompson. Blanca Sin Semilla,S/M,Frutas Frescas,Frutas y Legumbres,129,2026/07/31,La Comer,Supermercado / Tienda de Autoservicio,Lacomer Sucursal el Olivar,De las Torres 446. Entre San Pablo y San Pedro. Col. San Jose del Olivar. Cp. 01770,Ciudad de México,Álvaro Obregón,19.33546,-99.227253
Zanahoria,1 Kg. Granel. Grande,S/M,Hortalizas Frescas,Frutas y Legumbres,18.9,2026/07/31,La Comer,Supermercado / Tienda de Autoservicio,Lacomer Sucursal el Olivar,De las Torres 446. Entre San Pablo y San Pedro. Col. San Jose del Olivar. Cp. 01770,Ciudad de México,Álvaro Obregón,19.33546,-99.227253
Zanahoria,1 Kg. Granel. Mediana,S/M,Hortalizas Frescas,Frutas y Legumbres,18.9,2026/07/31,La Comer,Supermercado / Tienda de Autoservicio,Lacomer Sucursal el Olivar,De las Torres 446. Entre San Pablo y San Pedro. Col. San Jose del Olivar. Cp. 01770,Ciudad de México,Álvaro Obregón,19.33546,-99.227253
Acelga,Manojo,S/M,Hortalizas Frescas,Frutas y Legumbres,13.9,2026/07/31,Mega Soriana,Supermercado / Tienda de Autoservicio,Mega Soriana Sucursal San Jeronimo,San Jeronimo 630. Esq. Periferico. Col. San Jeronimo Lidice. Cp. 10200,Ciudad de México,Álvaro Obregón,19.330694,-99.210175
Ajo,1 Kg. Granel. o Ajo Morado,S/M,Hortalizas Frescas,Frutas y Legumbres,199,2026/07/31,Mega Soriana,Supermercado / Tienda de Autoservicio,Mega Soriana Sucursal San Jeronimo,San Jeronimo 630. Esq. Periferico. Col. San Jeronimo Lidice. Cp. 10200,Ciudad de México,Álvaro Obregón,19.330694,-99.210175
Betabel,1 Kg. Granel,S/M,Hortalizas Frescas,Frutas y Legumbres,33.9,2026/07/31,Mega Soriana,Supermercado / Tienda de Autoservicio,Mega Soriana Sucursal San Jeronimo,San Jeronimo 630. Esq. Periferico. Col. San Jeronimo Lidice. Cp. 10200,Ciudad de México,Álvaro Obregón,19.330694,-99.210175
Brócoli,1 Kg. Granel,S/M,Hortalizas Frescas,Frutas y Legumbres,49.8,2026/07/31,Mega Soriana,Supermercado / Tienda de Autoservicio,Mega Soriana Sucursal San Jeronimo,San Jeronimo 630. Esq. Periferico. Col. San Jeronimo Lidice. Cp. 10200,Ciudad de México,Álvaro Obregón,19.330694,-99.210175
Calabaza,1 Kg. Granel. Italiana/japonesa (Larga),S/M,Hortalizas Frescas,Frutas y Legumbres,36.9,2026/07/31,Mega Soriana,Supermercado / Tienda de Autoservicio,Mega Soriana Sucursal San Jeronimo,San Jeronimo 630. Esq. Periferico. Col. San Jeronimo Lidice. Cp. 10200,Ciudad de México,Álvaro Obregón,19.330694,-99.210175
Cebolla,1 Kg. Granel. Blanca Sin Rabo,S/M,Hortalizas Frescas,Frutas y Legumbres,28.8,2026/07/31,Mega Soriana,Supermercado / Tienda de Autoservicio,Mega Soriana Sucursal San Jeronimo,San Jeronimo 630. Esq. Periferico. Col. San Jeronimo Lidice. Cp. 10200,Ciudad de México,Álvaro Obregón,19.330694,-99.210175
Cebolla,1 Kg. Granel. Morada,S/M,Hortalizas Frescas,Frutas y Legumbres,22.9,2026/07/31,Mega Soriana,Supermercado / Tienda de Autoservicio,Mega Soriana Sucursal San Jeronimo,San Jeronimo 630. Esq. Periferico. Col. San Jeronimo Lidice. Cp. 10200,Ciudad de México,Álvaro Obregón,19.330694,-99.210175
Cebolla,Manojo. Cambray,S/M,Hortalizas Frescas,Frutas y Legumbres,14.9,2026/07/31,Mega Soriana,Supermercado / Tienda de Autoservicio,Mega Soriana Sucursal San Jeronimo,San Jeronimo 630. Esq. Periferico. Col. San Jeronimo Lidice. Cp. 10200,Ciudad de México,Álvaro Obregón,19.330694,-99.210175
Champiñones,1 Kg. Granel,S/M,Hortalizas Frescas,Frutas y Legumbres,111,2026/07/31,Mega Soriana,Supermercado / Tienda de Autoservicio,Mega Soriana Sucursal San Jeronimo,San Jeronimo 630. Esq. Periferico. Col. San Jeronimo Lidice. Cp. 10200,Ciudad de México,Álvaro Obregón,19.330694,-99.210175
Chayote,1 Kg. Granel. Sin Espinas,S/M,Hortalizas Frescas,Frutas y Legumbres,34.9,2026/07/31,Mega Soriana,Supermercado / Tienda de Autoservicio,Mega Soriana Sucursal San Jeronimo,San Jeronimo 630. Esq. Periferico. Col. San Jeronimo Lidice. Cp. 10200,Ciudad de México,Álvaro Obregón,19.330694,-99.210175
Chile Fresco,1 Kg. Granel. Caribe,S/M,Hortalizas Frescas,Frutas y Legumbres,64,2026/07/31,Mega Soriana,Supermercado / Tienda de Autoservicio,Mega Soriana Sucursal San Jeronimo,San Jeronimo 630. Esq. Periferico. Col. San Jeronimo Lidice. Cp. 10200,Ciudad de México,Álvaro Obregón,19.330694,-99.210175
Chile Fresco,1 Kg. Granel. de Árbol Verde,S/M,Hortalizas Frescas,Frutas y Legumbres,176,2026/07/31,Mega Soriana,Supermercado / Tienda de Autoservicio,Mega Soriana Sucursal San Jeronimo,San Jeronimo 630. Esq. Periferico. Col. San Jeronimo Lidice. Cp. 10200,Ciudad de México,Álvaro Obregón,19.330694,-99.210175
Chile Fresco,1 Kg. Granel. Habanero,S/M,Hortalizas Frescas,Frutas y Legumbres,130,2026/07/31,Mega Soriana,Supermercado / Tienda de Autoservicio,Mega Soriana Sucursal San Jeronimo,San Jeronimo 630. Esq. Periferico. Col. San Jeronimo Lidice. Cp. 10200,Ciudad de México,Álvaro Obregón,19.330694,-99.210175
Chile Fresco,1 Kg. Granel. Jalapeño o Cuaresmeño,S/M,Hortalizas Frescas,Frutas y Legumbres,24.8,2026/07/31,Mega Soriana,Supermercado / Tienda de Autoservicio,Mega Soriana Sucursal San Jeronimo,San Jeronimo 630. Esq. Periferico. Col. San Jeronimo Lidice. Cp. 10200,Ciudad de México,Álvaro Obregón,19.330694,-99.210175
Chile Fresco,1 Kg. Granel. Poblano o para Rellenar,S/M,Hortalizas Frescas,Frutas y Legumbres,61.5,2026/07/31,Mega Soriana,Supermercado / Tienda de Autoservicio,Mega Soriana Sucursal San Jeronimo,San Jeronimo 630. Esq. Periferico. Col. San Jeronimo Lidice. Cp. 10200,Ciudad de México,Álvaro Obregón,19.330694,-99.210175
Chile Fresco,1 Kg. Granel. Serrano,S/M,Hortalizas Frescas,Frutas y Legumbres,54,2026/07/31,Mega Soriana,Supermercado / Tienda de Autoservicio,Mega Soriana Sucursal San Jeronimo,San Jeronimo 630. Esq. Periferico. Col. San Jeronimo Lidice. Cp. 10200,Ciudad de México,Álvaro Obregón,19.330694,-99.210175
Cilantro,Manojo,S/M,Hortalizas Frescas,Frutas y Legumbres,10.9,2026/07/31,Mega Soriana,Supermercado / Tienda de Autoservicio,Mega Soriana Sucursal San Jeronimo,San Jeronimo 630. Esq. Periferico. Col. San Jeronimo Lidice. Cp. 10200,Ciudad de México,Álvaro Obregón,19.330694,-99.210175
Ciruela,1 Kg. Granel. Roja Moscatel,S/M,Frutas Frescas,Frutas y Legumbres,88.9,2026/07/31,Mega Soriana,Supermercado / Tienda de Autoservicio,Mega Soriana Sucursal San Jeronimo,San Jeronimo 630. Esq. Periferico. Col. San Jeronimo Lidice. Cp. 10200,Ciudad de México,Álvaro Obregón,19.330694,-99.210175
Col,1 Kg. Granel. Blanca o Repollo,S/M,Hortalizas Frescas,Frutas y Legumbres,21.8,2026/07/31,Mega Soriana,Supermercado / Tienda de Autoservicio,Mega Soriana Sucursal San Jeronimo,San Jeronimo 630. Esq. Periferico. Col. San Jeronimo Lidice. Cp. 10200,Ciudad de México,Álvaro Obregón,19.330694,-99.210175
Col,1 Kg. Granel. Morada,S/M,Hortalizas Frescas,Frutas y Legumbres,38.9,2026/07/31,Mega Soriana,Supermercado / Tienda de Autoservicio,Mega Soriana Sucursal San Jeronimo,San Jeronimo 630. Esq. Periferico. Col. San Jeronimo Lidice. Cp. 10200,Ciudad de México,Álvaro Obregón,19.330694,-99.210175
Durazno,1 Kg. Granel. Amarillo,S/M,Frutas Frescas,Frutas y Legumbres,104.8,2026/07/31,Mega Soriana,Supermercado / Tienda de Autoservicio,Mega Soriana Sucursal San Jeronimo,San Jeronimo 630. Esq. Periferico. Col. San Jeronimo Lidice. Cp. 10200,Ciudad de México,Álvaro Obregón,19.330694,-99.210175
Elote,Pieza,S/M,Hortalizas Frescas,Frutas y Legumbres,13.9,2026/07/31,Mega Soriana,Supermercado / Tienda de Autoservicio,Mega Soriana Sucursal San Jeronimo,San Jeronimo 630. Esq. Periferico. Col. San Jeronimo Lidice. Cp. 10200,Ciudad de México,Álvaro Obregón,19.330694,-99.210175
Espinacas,Manojo,S/M,Hortalizas Frescas,Frutas y Legumbres,13.9,2026/07/31,Mega Soriana,Supermercado / Tienda de Autoservicio,Mega Soriana Sucursal San Jeronimo,San Jeronimo 630. Esq. Periferico. Col. San Jeronimo Lidice. Cp. 10200,Ciudad de México,Álvaro Obregón,19.330694,-99.210175
Fresa,Paquete o Canastilla 454 Gr.,S/M,Frutas Frescas,Frutas y Legumbres,72,2026/07/31,Mega Soriana,Supermercado / Tienda de Autoservicio,Mega Soriana Sucursal San Jeronimo,San Jeronimo 630. Esq. Periferico. Col. San Jeronimo Lidice. Cp. 10200,Ciudad de México,Álvaro Obregón,19.330694,-99.210175
Guayaba,1 Kg. Granel,S/M,Frutas Frescas,Frutas y Legumbres,42,2026/07/31,Mega Soriana,Supermercado / Tienda de Autoservicio,Mega Soriana Sucursal San Jeronimo,San Jeronimo 630. Esq. Periferico. Col. San Jeronimo Lidice. Cp. 10200,Ciudad de México,Álvaro Obregón,19.330694,-99.210175
Jamaica,1 Kg. Granel,S/M,Productos de Temporada (Navideños),Frutas y Legumbres,239,2026/07/31,Mega Soriana,Supermercado / Tienda de Autoservicio,Mega Soriana Sucursal San Jeronimo,San Jeronimo 630. Esq. Periferico. Col. San Jeronimo Lidice. Cp. 10200,Ciudad de México,Álvaro Obregón,19.330694,-99.210175
Jícama,1 Kg. Granel,S/M,Productos de Temporada (Navideños),Frutas y Legumbres,29.9,2026/07/31,Mega Soriana,Supermercado / Tienda de Autoservicio,Mega Soriana Sucursal San Jeronimo,San Jeronimo 630. Esq. Periferico. Col. San Jeronimo Lidice. Cp. 10200,Ciudad de México,Álvaro Obregón,19.330694,-99.210175
Jitomate,1 Kg. Granel. Bola/sinaloa o Tomate Bola,S/M,Hortalizas Frescas,Frutas y Legumbres,19.9,2026/07/31,Mega Soriana,Supermercado / Tienda de Autoservicio,Mega Soriana Sucursal San Jeronimo,San Jeronimo 630. Esq. Periferico. Col. San Jeronimo Lidice. Cp. 10200,Ciudad de México,Álvaro Obregón,19.330694,-99.210175
Jitomate,1 Kg. Granel. Saladette/huaje o Tomate Saladette/huaje,S/M,Hortalizas Frescas,Frutas y Legumbres,16,2026/07/31,Mega Soriana,Supermercado / Tienda de Autoservicio,Mega Soriana Sucursal San Jeronimo,San Jeronimo 630. Esq. Periferico. Col. San Jeronimo Lidice. Cp. 10200,Ciudad de México,Álvaro Obregón,19.330694,-99.210175
Kiwi,1 Kg. Granel,S/M,Frutas Frescas,Frutas y Legumbres,109,2026/07/31,Mega Soriana,Supermercado / Tienda de Autoservicio,Mega Soriana Sucursal San Jeronimo,San Jeronimo 630. Esq. Periferico. Col. San Jeronimo Lidice. Cp. 10200,Ciudad de México,Álvaro Obregón,19.330694,-99.210175
Lechuga,Pieza. Romana,S/M,Hortalizas Frescas,Frutas y Legumbres,22,2026/07/31,Mega Soriana,Supermercado / Tienda de Autoservicio,Mega Soriana Sucursal San Jeronimo,San Jeronimo 630. Esq. Periferico. Col. San Jeronimo Lidice. Cp. 10200,Ciudad de México,Álvaro Obregón,19.330694,-99.210175
Limón,1 Kg. Granel. Agrio con Semilla o Colima,S/M,Frutas Frescas,Frutas y Legumbres,29.8,2026/07/31,Mega Soriana,Supermercado / Tienda de Autoservicio,Mega Soriana Sucursal San Jeronimo,San Jeronimo 630. Esq. Periferico. Col. San Jeronimo Lidice. Cp. 10200,Ciudad de México,Álvaro Obregón,19.330694,-99.210175
Limón,1 Kg. Granel. Agrio Sin Semilla o Persa,S/M,Frutas Frescas,Frutas y Legumbres,32,2026/07/31,Mega Soriana,Supermercado / Tienda de Autoservicio,Mega Soriana Sucursal San Jeronimo,San Jeronimo 630. Esq. Periferico. Col. San Jeronimo Lidice. Cp. 10200,Ciudad de México,Álvaro Obregón,19.330694,-99.210175
Mamey,1 Kg. Granel,S/M,Frutas Frescas,Frutas y Legumbres,46.5,2026/07/31,Mega Soriana,Supermercado / Tienda de Autoservicio,Mega Soriana Sucursal San Jeronimo,San Jeronimo 630. Esq. Periferico. Col. San Jeronimo Lidice. Cp. 10200,Ciudad de México,Álvaro Obregón,19.330694,-99.210175
Mango,1 Kg. Granel. Ataulfo,S/M,Frutas Frescas,Frutas y Legumbres,43.5,2026/07/31,Mega Soriana,Supermercado / Tienda de Autoservicio,Mega Soriana Sucursal San Jeronimo,San Jeronimo 630. Esq. Periferico. Col. San Jeronimo Lidice. Cp. 10200,Ciudad de México,Álvaro Obregón,19.330694,-99.210175
Mango,1 Kg. Granel. Paraiso Petacón,S/M,Frutas Frescas,Frutas y Legumbres,25.9,2026/07/31,Mega Soriana,Supermercado / Tienda de Autoservicio,Mega Soriana Sucursal San Jeronimo,San Jeronimo 630. Esq. Periferico. Col. San Jeronimo Lidice. Cp. 10200,Ciudad de México,Álvaro Obregón,19.330694,-99.210175
Manzana,1 Kg. Granel. Golden,S/M,Frutas Frescas,Frutas y Legumbres,57.9,2026/07/31,Mega Soriana,Supermercado / Tienda de Autoservicio,Mega Soriana Sucursal San Jeronimo,San Jeronimo 630. Esq. Periferico. Col. San Jeronimo Lidice. Cp. 10200,Ciudad de México,Álvaro Obregón,19.330694,-99.210175
Manzana,1 Kg. Granel. Granny Smith,S/M,Frutas Frescas,Frutas y Legumbres,54.8,2026/07/31,Mega Soriana,Supermercado / Tienda de Autoservicio,Mega Soriana Sucursal San Jeronimo,San Jeronimo 630. Esq. Periferico. Col. San Jeronimo Lidice. Cp. 10200,Ciudad de México,Álvaro Obregón,19.330694,-99.210175
Manzana,1 Kg. Granel. Red Delicious/roja/roja Mediana/roja Americana,S/M,Frutas Frescas,Frutas y Legumbres,33.8,2026/07/31,Mega Soriana,Supermercado / Tienda de Autoservicio,Mega Soriana Sucursal San Jeronimo,San Jeronimo 630. Esq. Periferico. Col. San Jeronimo Lidice. Cp. 10200,Ciudad de México,Álvaro Obregón,19.330694,-99.210175
Manzana,1 Kg. Granel. Royal Gala,S/M,Frutas Frescas,Frutas y Legumbres,49.5,2026/07/31,Mega Soriana,Supermercado / Tienda de Autoservicio,Mega Soriana Sucursal San Jeronimo,San Jeronimo 630. Esq. Periferico. Col. San Jeronimo Lidice. Cp. 10200,Ciudad de México,Álvaro Obregón,19.330694,-99.210175
Melón,1 Kg. Granel. Chino,S/M,Frutas Frescas,Frutas y Legumbres,32.9,2026/07/31,Mega Soriana,Supermercado / Tienda de Autoservicio,Mega Soriana Sucursal San Jeronimo,San Jeronimo 630. Esq. Periferico. Col. San Jeronimo Lidice. Cp. 10200,Ciudad de México,Álvaro Obregón,19.330694,-99.210175
Naranja,1 Kg.,S/M,Frutas Frescas,Frutas y Legumbres,32.8,2026/07/31,Mega Soriana,Supermercado / Tienda de Autoservicio,Mega Soriana Sucursal San Jeronimo,San Jeronimo 630. Esq. Periferico. Col. San Jeronimo Lidice. Cp. 10200,Ciudad de México,Álvaro Obregón,19.330694,-99.210175
Nopal,1 Kg. Granel. Sin Espinas,S/M,Hortalizas Frescas,Frutas y Legumbres,39.8,2026/07/31,Mega Soriana,Supermercado / Tienda de Autoservicio,Mega Soriana Sucursal San Jeronimo,San Jeronimo 630. Esq. Periferico. Col. San Jeronimo Lidice. Cp. 10200,Ciudad de México,Álvaro Obregón,19.330694,-99.210175
Papa,1 Kg. Granel. Alfa/blanca,S/M,Hortalizas Frescas,Frutas y Legumbres,46.9,2026/07/31,Mega Soriana,Supermercado / Tienda de Autoservicio,Mega Soriana Sucursal San Jeronimo,San Jeronimo 630. Esq. Periferico. Col. San Jeronimo Lidice. Cp. 10200,Ciudad de México,Álvaro Obregón,19.330694,-99.210175
Papaya,1 Kg. Granel. Maradol,S/M,Frutas Frescas,Frutas y Legumbres,28.8,2026/07/31,Mega Soriana,Supermercado / Tienda de Autoservicio,Mega Soriana Sucursal San Jeronimo,San Jeronimo 630. Esq. Periferico. Col. San Jeronimo Lidice. Cp. 10200,Ciudad de México,Álvaro Obregón,19.330694,-99.210175
Pepino,1 Kg. Granel,S/M,Hortalizas Frescas,Frutas y Legumbres,23.9,2026/07/31,Mega Soriana,Supermercado / Tienda de Autoservicio,Mega Soriana Sucursal San Jeronimo,San Jeronimo 630. Esq. Periferico. Col. San Jeronimo Lidice. Cp. 10200,Ciudad de México,Álvaro Obregón,19.330694,-99.210175
Pera,1 Kg. Granel. Bartlett,S/M,Frutas Frescas,Frutas y Legumbres,49.8,2026/07/31,Mega Soriana,Supermercado / Tienda de Autoservicio,Mega Soriana Sucursal San Jeronimo,San Jeronimo 630. Esq. Periferico. Col. San Jeronimo Lidice. Cp. 10200,Ciudad de México,Álvaro Obregón,19.330694,-99.210175
Pera,1 Kg. Granel. D´anjou,S/M,Frutas Frescas,Frutas y Legumbres,49.8,2026/07/31,Mega Soriana,Supermercado / Tienda de Autoservicio,Mega Soriana Sucursal San Jeronimo,San Jeronimo 630. Esq. Periferico. Col. San Jeronimo Lidice. Cp. 10200,Ciudad de México,Álvaro Obregón,19.330694,-99.210175
Pimiento,1 Kg. Granel. Morrón Verde,S/M,Hortalizas Frescas,Frutas y Legumbres,102,2026/07/31,Mega Soriana,Supermercado / Tienda de Autoservicio,Mega Soriana Sucursal San Jeronimo,San Jeronimo 630. Esq. Periferico. Col. San Jeronimo Lidice. Cp. 10200,Ciudad de México,Álvaro Obregón,19.330694,-99.210175
Piña,1 Kg. Granel. Miel,S/M,Frutas Frescas,Frutas y Legumbres,19.8,2026/07/31,Mega Soriana,Supermercado / Tienda de Autoservicio,Mega Soriana Sucursal San Jeronimo,San Jeronimo 630. Esq. Periferico. Col. San Jeronimo Lidice. Cp. 10200,Ciudad de México,Álvaro Obregón,19.330694,-99.210175
Plátano,1 Kg. Granel. Macho,S/M,Frutas Frescas,Frutas y Legumbres,41.9,2026/07/31,Mega Soriana,Supermercado / Tienda de Autoservicio,Mega Soriana Sucursal San Jeronimo,San Jeronimo 630. Esq. Periferico. Col. San Jeronimo Lidice. Cp. 10200,Ciudad de México,Álvaro Obregón,19.330694,-99.210175
Plátano,1 Kg. Granel. Tabasco/chiapas/roatán/portalimón,S/M,Frutas Frescas,Frutas y Legumbres,23.9,2026/07/31,Mega Soriana,Supermercado / Tienda de Autoservicio,Mega Soriana Sucursal San Jeronimo,San Jeronimo 630. Esq. Periferico. Col. San Jeronimo Lidice. Cp. 10200,Ciudad de México,Álvaro Obregón,19.330694,-99.210175
Rábano,Manojo. Cambray,S/M,Hortalizas Frescas,Frutas y Legumbres,12.9,2026/07/31,Mega Soriana,Supermercado / Tienda de Autoservicio,Mega Soriana Sucursal San Jeronimo,San Jeronimo 630. Esq. Periferico. Col. San Jeronimo Lidice. Cp. 10200,Ciudad de México,Álvaro Obregón,19.330694,-99.210175
Tamarindo,1 Kg. Granel,S/M,Productos de Temporada (Navideños),Frutas y Legumbres,179,2026/07/31,Mega Soriana,Supermercado / Tienda de Autoservicio,Mega Soriana Sucursal San Jeronimo,San Jeronimo 630. Esq. Periferico. Col. San Jeronimo Lidice. Cp. 10200,Ciudad de México,Álvaro Obregón,19.330694,-99.210175
Tomate,1 Kg. Granel. Verde Sin Cáscara,S/M,Hortalizas Frescas,Frutas y Legumbres,37.9,2026/07/31,Mega Soriana,Supermercado / Tienda de Autoservicio,Mega Soriana Sucursal San Jeronimo,San Jeronimo 630. Esq. Periferico. Col. San Jeronimo Lidice. Cp. 10200,Ciudad de México,Álvaro Obregón,19.330694,-99.210175
Toronja,1 Kg. Granel. o Toronja Sangría,S/M,Frutas Frescas,Frutas y Legumbres,32.8,2026/07/31,Mega Soriana,Supermercado / Tienda de Autoservicio,Mega Soriana Sucursal San Jeronimo,San Jeronimo 630. Esq. Periferico. Col. San Jeronimo Lidice. Cp. 10200,Ciudad de México,Álvaro Obregón,19.330694,-99.210175
Tuna,1 Kg. Granel. o Tuna Blanca,S/M,Frutas Frescas,Frutas y Legumbres,42.5,2026/07/31,Mega Soriana,Supermercado / Tienda de Autoservicio,Mega Soriana Sucursal San Jeronimo,San Jeronimo 630. Esq. Periferico. Col. San Jeronimo Lidice. Cp. 10200,Ciudad de México,Álvaro Obregón,19.330694,-99.210175
Uva,1 Kg. Granel. Roja Sin Semilla,S/M,Frutas Frescas,Frutas y Legumbres,74.8,2026/07/31,Mega Soriana,Supermercado / Tienda de Autoservicio,Mega Soriana Sucursal San Jeronimo,San Jeronimo 630. Esq. Periferico. Col. San Jeronimo Lidice. Cp. 10200,Ciudad de México,Álvaro Obregón,19.330694,-99.210175
Uva,1 Kg. Granel. Thompson. Blanca Sin Semilla,S/M,Frutas Frescas,Frutas y Legumbres,82.8,2026/07/31,Mega Soriana,Supermercado / Tienda de Autoservicio,Mega Soriana Sucursal San Jeronimo,San Jeronimo 630. Esq. Periferico. Col. San Jeronimo Lidice. Cp. 10200,Ciudad de México,Álvaro Obregón,19.330694,-99.210175
Zanahoria,1 Kg. Granel. Grande,S/M,Hortalizas Frescas,Frutas y Legumbres,16.9,2026/07/31,Mega Soriana,Supermercado / Tienda de Autoservicio,Mega Soriana Sucursal San Jeronimo,San Jeronimo 630. Esq. Periferico. Col. San Jeronimo Lidice. Cp. 10200,Ciudad de México,Álvaro Obregón,19.330694,-99.210175
Zanahoria,1 Kg. Granel. Mediana,S/M,Hortalizas Frescas,Frutas y Legumbres,16.9,2026/07/31,Mega Soriana,Supermercado / Tienda de Autoservicio,Mega Soriana Sucursal San Jeronimo,San Jeronimo 630. Esq. Periferico. Col. San Jeronimo Lidice. Cp. 10200,Ciudad de México,Álvaro Obregón,19.330694,-99.210175
Aguacate,1 Kg. Granel. Hass,S/M,Frutas Frescas,Frutas y Legumbres,69.9,2026/07/31,Sumesa,Supermercado / Tienda de Autoservicio,Sumesa Sucursal San Angel,Cracovia 97 Esq. Revolucion. Col. San Angel. Cp. 01000,Ciudad de México,Álvaro Obregón,19.348299,-99.190362
Apio,1 Kg. Granel,S/M,Hortalizas Frescas,Frutas y Legumbres,28.9,2026/07/31,Sumesa,Supermercado / Tienda de Autoservicio,Sumesa Sucursal San Angel,Cracovia 97 Esq. Revolucion. Col. San Angel. Cp. 01000,Ciudad de México,Álvaro Obregón,19.348299,-99.190362
Betabel,1 Kg. Granel,S/M,Hortalizas Frescas,Frutas y Legumbres,32.9,2026/07/31,Sumesa,Supermercado / Tienda de Autoservicio,Sumesa Sucursal San Angel,Cracovia 97 Esq. Revolucion. Col. San Angel. Cp. 01000,Ciudad de México,Álvaro Obregón,19.348299,-99.190362
Brócoli,1 Kg. Granel,S/M,Hortalizas Frescas,Frutas y Legumbres,39.9,2026/07/31,Sumesa,Supermercado / Tienda de Autoservicio,Sumesa Sucursal San Angel,Cracovia 97 Esq. Revolucion. Col. San Angel. Cp. 01000,Ciudad de México,Álvaro Obregón,19.348299,-99.190362
Calabaza,1 Kg. Granel. Italiana/japonesa (Larga),S/M,Hortalizas Frescas,Frutas y Legumbres,29.9,2026/07/31,Sumesa,Supermercado / Tienda de Autoservicio,Sumesa Sucursal San Angel,Cracovia 97 Esq. Revolucion. Col. San Angel. Cp. 01000,Ciudad de México,Álvaro Obregón,19.348299,-99.190362
Cebolla,1 Kg. Granel. Blanca Sin Rabo,S/M,Hortalizas Frescas,Frutas y Legumbres,34.9,2026/07/31,Sumesa,Supermercado / Tienda de Autoservicio,Sumesa Sucursal San Angel,Cracovia 97 Esq. Revolucion. Col. San Angel. Cp. 01000,Ciudad de México,Álvaro Obregón,19.348299,-99.190362
Cebolla,1 Kg. Granel. Morada,S/M,Hortalizas Frescas,Frutas y Legumbres,39.9,2026/07/31,Sumesa,Supermercado / Tienda de Autoservicio,Sumesa Sucursal San Angel,Cracovia 97 Esq. Revolucion. Col. San Angel. Cp. 01000,Ciudad de México,Álvaro Obregón,19.348299,-99.190362
Cebolla,Manojo. Cambray,S/M,Hortalizas Frescas,Frutas y Legumbres,10.9,2026/07/31,Sumesa,Supermercado / Tienda de Autoservicio,Sumesa Sucursal San Angel,Cracovia 97 Esq. Revolucion. Col. San Angel. Cp. 01000,Ciudad de México,Álvaro Obregón,19.348299,-99.190362
Chayote,1 Kg. Granel. Sin Espinas,S/M,Hortalizas Frescas,Frutas y Legumbres,24.9,2026/07/31,Sumesa,Supermercado / Tienda de Autoservicio,Sumesa Sucursal San Angel,Cracovia 97 Esq. Revolucion. Col. San Angel. Cp. 01000,Ciudad de México,Álvaro Obregón,19.348299,-99.190362
Chícharos,1 Kg. Granel. en Vaina,S/M,Hortalizas Frescas,Frutas y Legumbres,89.9,2026/07/31,Sumesa,Supermercado / Tienda de Autoservicio,Sumesa Sucursal San Angel,Cracovia 97 Esq. Revolucion. Col. San Angel. Cp. 01000,Ciudad de México,Álvaro Obregón,19.348299,-99.190362
Chile Fresco,1 Kg. Granel. de Árbol Verde,S/M,Hortalizas Frescas,Frutas y Legumbres,159,2026/07/31,Sumesa,Supermercado / Tienda de Autoservicio,Sumesa Sucursal San Angel,Cracovia 97 Esq. Revolucion. Col. San Angel. Cp. 01000,Ciudad de México,Álvaro Obregón,19.348299,-99.190362
Chile Fresco,1 Kg. Granel. Guero-largo,S/M,Hortalizas Frescas,Frutas y Legumbres,112.1,2026/07/31,Sumesa,Supermercado / Tienda de Autoservicio,Sumesa Sucursal San Angel,Cracovia 97 Esq. Revolucion. Col. San Angel. Cp. 01000,Ciudad de México,Álvaro Obregón,19.348299,-99.190362
Chile Fresco,1 Kg. Granel. Habanero,S/M,Hortalizas Frescas,Frutas y Legumbres,135,2026/07/31,Sumesa,Supermercado / Tienda de Autoservicio,Sumesa Sucursal San Angel,Cracovia 97 Esq. Revolucion. Col. San Angel. Cp. 01000,Ciudad de México,Álvaro Obregón,19.348299,-99.190362
Chile Fresco,1 Kg. Granel. Jalapeño o Cuaresmeño,S/M,Hortalizas Frescas,Frutas y Legumbres,5.7,2026/07/31,Sumesa,Supermercado / Tienda de Autoservicio,Sumesa Sucursal San Angel,Cracovia 97 Esq. Revolucion. Col. San Angel. Cp. 01000,Ciudad de México,Álvaro Obregón,19.348299,-99.190362
Chile Fresco,1 Kg. Granel. Poblano o para Rellenar,S/M,Hortalizas Frescas,Frutas y Legumbres,49.9,2026/07/31,Sumesa,Supermercado / Tienda de Autoservicio,Sumesa Sucursal San Angel,Cracovia 97 Esq. Revolucion. Col. San Angel. Cp. 01000,Ciudad de México,Álvaro Obregón,19.348299,-99.190362
Chile Fresco,1 Kg. Granel. Serrano,S/M,Hortalizas Frescas,Frutas y Legumbres,59.9,2026/07/31,Sumesa,Supermercado / Tienda de Autoservicio,Sumesa Sucursal San Angel,Cracovia 97 Esq. Revolucion. Col. San Angel. Cp. 01000,Ciudad de México,Álvaro Obregón,19.348299,-99.190362
Cilantro,Manojo,S/M,Hortalizas Frescas,Frutas y Legumbres,10.9,2026/07/31,Sumesa,Supermercado / Tienda de Autoservicio,Sumesa Sucursal San Angel,Cracovia 97 Esq. Revolucion. Col. San Angel. Cp. 01000,Ciudad de México,Álvaro Obregón,19.348299,-99.190362
Col,1 Kg. Granel. Blanca o Repollo,S/M,Hortalizas Frescas,Frutas y Legumbres,32.9,2026/07/31,Sumesa,Supermercado / Tienda de Autoservicio,Sumesa Sucursal San Angel,Cracovia 97 Esq. Revolucion. Col. San Angel. Cp. 01000,Ciudad de México,Álvaro Obregón,19.348299,-99.190362
Col,1 Kg. Granel. Morada,S/M,Hortalizas Frescas,Frutas y Legumbres,37.1,2026/07/31,Sumesa,Supermercado / Tienda de Autoservicio,Sumesa Sucursal San Angel,Cracovia 97 Esq. Revolucion. Col. San Angel. Cp. 01000,Ciudad de México,Álvaro Obregón,19.348299,-99.190362
Durazno,1 Kg. Granel. Amarillo,S/M,Frutas Frescas,Frutas y Legumbres,110,2026/07/31,Sumesa,Supermercado / Tienda de Autoservicio,Sumesa Sucursal San Angel,Cracovia 97 Esq. Revolucion. Col. San Angel. Cp. 01000,Ciudad de México,Álvaro Obregón,19.348299,-99.190362
Durazno,1 Kg. Granel. Melocotón,S/M,Frutas Frescas,Frutas y Legumbres,98.5,2026/07/31,Sumesa,Supermercado / Tienda de Autoservicio,Sumesa Sucursal San Angel,Cracovia 97 Esq. Revolucion. Col. San Angel. Cp. 01000,Ciudad de México,Álvaro Obregón,19.348299,-99.190362
Ejote,1 Kg. Granel. Verde,S/M,Hortalizas Frescas,Frutas y Legumbres,54.9,2026/07/31,Sumesa,Supermercado / Tienda de Autoservicio,Sumesa Sucursal San Angel,Cracovia 97 Esq. Revolucion. Col. San Angel. Cp. 01000,Ciudad de México,Álvaro Obregón,19.348299,-99.190362
Elote,Pieza,S/M,Hortalizas Frescas,Frutas y Legumbres,10.9,2026/07/31,Sumesa,Supermercado / Tienda de Autoservicio,Sumesa Sucursal San Angel,Cracovia 97 Esq. Revolucion. Col. San Angel. Cp. 01000,Ciudad de México,Álvaro Obregón,19.348299,-99.190362
Espinacas,Manojo,S/M,Hortalizas Frescas,Frutas y Legumbres,10.9,2026/07/31,Sumesa,Supermercado / Tienda de Autoservicio,Sumesa Sucursal San Angel,Cracovia 97 Esq. Revolucion. Col. San Angel. Cp. 01000,Ciudad de México,Álvaro Obregón,19.348299,-99.190362
Fresa,Paquete o Canastilla 454 Gr.,S/M,Frutas Frescas,Frutas y Legumbres,79.9,2026/07/31,Sumesa,Supermercado / Tienda de Autoservicio,Sumesa Sucursal San Angel,Cracovia 97 Esq. Revolucion. Col. San Angel. Cp. 01000,Ciudad de México,Álvaro Obregón,19.348299,-99.190362
Jícama,1 Kg. Granel,S/M,Productos de Temporada (Navideños),Frutas y Legumbres,29.9,2026/07/31,Sumesa,Supermercado / Tienda de Autoservicio,Sumesa Sucursal San Angel,Cracovia 97 Esq. Revolucion. Col. San Angel. Cp. 01000,Ciudad de México,Álvaro Obregón,19.348299,-99.190362
Jitomate,1 Kg. Granel. Bola/sinaloa o Tomate Bola,S/M,Hortalizas Frescas,Frutas y Legumbres,59.9,2026/07/31,Sumesa,Supermercado / Tienda de Autoservicio,Sumesa Sucursal San Angel,Cracovia 97 Esq. Revolucion. Col. San Angel. Cp. 01000,Ciudad de México,Álvaro Obregón,19.348299,-99.190362
Jitomate,1 Kg. Granel. Saladette/huaje o Tomate Saladette/huaje,S/M,Hortalizas Frescas,Frutas y Legumbres,24.9,2026/07/31,Sumesa,Supermercado / Tienda de Autoservicio,Sumesa Sucursal San Angel,Cracovia 97 Esq. Revolucion. Col. San Angel. Cp. 01000,Ciudad de México,Álvaro Obregón,19.348299,-99.190362
Kiwi,1 Kg. Granel,S/M,Frutas Frescas,Frutas y Legumbres,125,2026/07/31,Sumesa,Supermercado / Tienda de Autoservicio,Sumesa Sucursal San Angel,Cracovia 97 Esq. Revolucion. Col. San Angel. Cp. 01000,Ciudad de México,Álvaro Obregón,19.348299,-99.190362
Lechuga,Pieza. Romana,S/M,Hortalizas Frescas,Frutas y Legumbres,22.9,2026/07/31,Sumesa,Supermercado / Tienda de Autoservicio,Sumesa Sucursal San Angel,Cracovia 97 Esq. Revolucion. Col. San Angel. Cp. 01000,Ciudad de México,Álvaro Obregón,19.348299,-99.190362
Limón,1 Kg. Granel. Agrio con Semilla o Colima,S/M,Frutas Frescas,Frutas y Legumbres,49.9,2026/07/31,Sumesa,Supermercado / Tienda de Autoservicio,Sumesa Sucursal San Angel,Cracovia 97 Esq. Revolucion. Col. San Angel. Cp. 01000,Ciudad de México,Álvaro Obregón,19.348299,-99.190362
Limón,1 Kg. Granel. Agrio Sin Semilla o Persa,S/M,Frutas Frescas,Frutas y Legumbres,20.9,2026/07/31,Sumesa,Supermercado / Tienda de Autoservicio,Sumesa Sucursal San Angel,Cracovia 97 Esq. Revolucion. Col. San Angel. Cp. 01000,Ciudad de México,Álvaro Obregón,19.348299,-99.190362
Mamey,1 Kg. Granel,S/M,Frutas Frescas,Frutas y Legumbres,45.9,2026/07/31,Sumesa,Supermercado / Tienda de Autoservicio,Sumesa Sucursal San Angel,Cracovia 97 Esq. Revolucion. Col. San Angel. Cp. 01000,Ciudad de México,Álvaro Obregón,19.348299,-99.190362
Mandarina,1 Kg. Granel,S/M,Frutas Frescas,Frutas y Legumbres,69.9,2026/07/31,Sumesa,Supermercado / Tienda de Autoservicio,Sumesa Sucursal San Angel,Cracovia 97 Esq. Revolucion. Col. San Angel. Cp. 01000,Ciudad de México,Álvaro Obregón,19.348299,-99.190362
Mango,1 Kg. Granel. Ataulfo,S/M,Frutas Frescas,Frutas y Legumbres,59.9,2026/07/31,Sumesa,Supermercado / Tienda de Autoservicio,Sumesa Sucursal San Angel,Cracovia 97 Esq. Revolucion. Col. San Angel. Cp. 01000,Ciudad de México,Álvaro Obregón,19.348299,-99.190362
Mango,1 Kg. Granel. Manila,S/M,Frutas Frescas,Frutas y Legumbres,59.9,2026/07/31,Sumesa,Supermercado / Tienda de Autoservicio,Sumesa Sucursal San Angel,Cracovia 97 Esq. Revolucion. Col. San Angel. Cp. 01000,Ciudad de México,Álvaro Obregón,19.348299,-99.190362
Manzana,1 Kg. Granel. Granny Smith,S/M,Frutas Frescas,Frutas y Legumbres,49.9,2026/07/31,Sumesa,Supermercado / Tienda de Autoservicio,Sumesa Sucursal San Angel,Cracovia 97 Esq. Revolucion. Col. San Angel. Cp. 01000,Ciudad de México,Álvaro Obregón,19.348299,-99.190362
Manzana,1 Kg. Granel. Red Delicious/roja/roja Mediana/roja Americana,S/M,Frutas Frescas,Frutas y Legumbres,39.9,2026/07/31,Sumesa,Supermercado / Tienda de Autoservicio,Sumesa Sucursal San Angel,Cracovia 97 Esq. Revolucion. Col. San Angel. Cp. 01000,Ciudad de México,Álvaro Obregón,19.348299,-99.190362
Manzana,1 Kg. Granel. Royal Gala,S/M,Frutas Frescas,Frutas y Legumbres,69.9,2026/07/31,Sumesa,Supermercado / Tienda de Autoservicio,Sumesa Sucursal San Angel,Cracovia 97 Esq. Revolucion. Col. San Angel. Cp. 01000,Ciudad de México,Álvaro Obregón,19.348299,-99.190362
Melón,1 Kg. Granel. Chino,S/M,Frutas Frescas,Frutas y Legumbres,29.9,2026/07/31,Sumesa,Supermercado / Tienda de Autoservicio,Sumesa Sucursal San Angel,Cracovia 97 Esq. Revolucion. Col. San Angel. Cp. 01000,Ciudad de México,Álvaro Obregón,19.348299,-99.190362
Melón,1 Kg. Granel. Valenciano o Amarillo,S/M,Frutas Frescas,Frutas y Legumbres,45.9,2026/07/31,Sumesa,Supermercado / Tienda de Autoservicio,Sumesa Sucursal San Angel,Cracovia 97 Esq. Revolucion. Col. San Angel. Cp. 01000,Ciudad de México,Álvaro Obregón,19.348299,-99.190362
Naranja,1 Kg. Granel. Valencia,S/M,Frutas Frescas,Frutas y Legumbres,41.9,2026/07/31,Sumesa,Supermercado / Tienda de Autoservicio,Sumesa Sucursal San Angel,Cracovia 97 Esq. Revolucion. Col. San Angel. Cp. 01000,Ciudad de México,Álvaro Obregón,19.348299,-99.190362
Nopal,1 Kg. Granel. Sin Espinas,S/M,Hortalizas Frescas,Frutas y Legumbres,29.9,2026/07/31,Sumesa,Supermercado / Tienda de Autoservicio,Sumesa Sucursal San Angel,Cracovia 97 Esq. Revolucion. Col. San Angel. Cp. 01000,Ciudad de México,Álvaro Obregón,19.348299,-99.190362
Papa,1 Kg. Granel. Alfa/blanca,S/M,Hortalizas Frescas,Frutas y Legumbres,50.9,2026/07/31,Sumesa,Supermercado / Tienda de Autoservicio,Sumesa Sucursal San Angel,Cracovia 97 Esq. Revolucion. Col. San Angel. Cp. 01000,Ciudad de México,Álvaro Obregón,19.348299,-99.190362
Papaya,1 Kg. Granel. Maradol,S/M,Frutas Frescas,Frutas y Legumbres,39.9,2026/07/31,Sumesa,Supermercado / Tienda de Autoservicio,Sumesa Sucursal San Angel,Cracovia 97 Esq. Revolucion. Col. San Angel. Cp. 01000,Ciudad de México,Álvaro Obregón,19.348299,-99.190362
Pepino,1 Kg. Granel,S/M,Hortalizas Frescas,Frutas y Legumbres,36.9,2026/07/31,Sumesa,Supermercado / Tienda de Autoservicio,Sumesa Sucursal San Angel,Cracovia 97 Esq. Revolucion. Col. San Angel. Cp. 01000,Ciudad de México,Álvaro Obregón,19.348299,-99.190362
Pera,1 Kg. Granel. D´anjou,S/M,Frutas Frescas,Frutas y Legumbres,66.7,2026/07/31,Sumesa,Supermercado / Tienda de Autoservicio,Sumesa Sucursal San Angel,Cracovia 97 Esq. Revolucion. Col. San Angel. Cp. 01000,Ciudad de México,Álvaro Obregón,19.348299,-99.190362
Pimiento,1 Kg. Granel. Morrón Verde,S/M,Hortalizas Frescas,Frutas y Legumbres,89.9,2026/07/31,Sumesa,Supermercado / Tienda de Autoservicio,Sumesa Sucursal San Angel,Cracovia 97 Esq. Revolucion. Col. San Angel. Cp. 01000,Ciudad de México,Álvaro Obregón,19.348299,-99.190362
Piña,1 Kg. Granel. Miel,S/M,Frutas Frescas,Frutas y Legumbres,29.9,2026/07/31,Sumesa,Supermercado / Tienda de Autoservicio,Sumesa Sucursal San Angel,Cracovia 97 Esq. Revolucion. Col. San Angel. Cp. 01000,Ciudad de México,Álvaro Obregón,19.348299,-99.190362
Plátano,1 Kg. Granel. Macho,S/M,Frutas Frescas,Frutas y Legumbres,43.9,2026/07/31,Sumesa,Supermercado / Tienda de Autoservicio,Sumesa Sucursal San Angel,Cracovia 97 Esq. Revolucion. Col. San Angel. Cp. 01000,Ciudad de México,Álvaro Obregón,19.348299,-99.190362
Plátano,1 Kg. Granel. Tabasco/chiapas/roatán/portalimón,S/M,Frutas Frescas,Frutas y Legumbres,25.9,2026/07/31,Sumesa,Supermercado / Tienda de Autoservicio,Sumesa Sucursal San Angel,Cracovia 97 Esq. Revolucion. Col. San Angel. Cp. 01000,Ciudad de México,Álvaro Obregón,19.348299,-99.190362
Rábano,Manojo. Cambray,S/M,Hortalizas Frescas,Frutas y Legumbres,18.9,2026/07/31,Sumesa,Supermercado / Tienda de Autoservicio,Sumesa Sucursal San Angel,Cracovia 97 Esq. Revolucion. Col. San Angel. Cp. 01000,Ciudad de México,Álvaro Obregón,19.348299,-99.190362
Tomate,1 Kg. Granel. o Tomate Verde,S/M,Hortalizas Frescas,Frutas y Legumbres,38.9,2026/07/31,Sumesa,Supermercado / Tienda de Autoservicio,Sumesa Sucursal San Angel,Cracovia 97 Esq. Revolucion. Col. San Angel. Cp. 01000,Ciudad de México,Álvaro Obregón,19.348299,-99.190362
Tomate,1 Kg. Granel. Verde Sin Cáscara,S/M,Hortalizas Frescas,Frutas y Legumbres,29.5,2026/07/31,Sumesa,Supermercado / Tienda de Autoservicio,Sumesa Sucursal San Angel,Cracovia 97 Esq. Revolucion. Col. San Angel. Cp. 01000,Ciudad de México,Álvaro Obregón,19.348299,-99.190362
Toronja,1 Kg. Granel. o Toronja Sangría,S/M,Frutas Frescas,Frutas y Legumbres,36.9,2026/07/31,Sumesa,Supermercado / Tienda de Autoservicio,Sumesa Sucursal San Angel,Cracovia 97 Esq. Revolucion. Col. San Angel. Cp. 01000,Ciudad de México,Álvaro Obregón,19.348299,-99.190362
Tuna,1 Kg. Granel. o Tuna Blanca,S/M,Frutas Frescas,Frutas y Legumbres,39.9,2026/07/31,Sumesa,Supermercado / Tienda de Autoservicio,Sumesa Sucursal San Angel,Cracovia 97 Esq. Revolucion. Col. San Angel. Cp. 01000,Ciudad de México,Álvaro Obregón,19.348299,-99.190362
Uva,1 Kg. Granel. Roja Sin Semilla,S/M,Frutas Frescas,Frutas y Legumbres,139,2026/07/31,Sumesa,Supermercado / Tienda de Autoservicio,Sumesa Sucursal San Angel,Cracovia 97 Esq. Revolucion. Col. San Angel. Cp. 01000,Ciudad de México,Álvaro Obregón,19.348299,-99.190362
Uva,1 Kg. Granel. Thompson. Blanca Sin Semilla,S/M,Frutas Frescas,Frutas y Legumbres,129,2026/07/31,Sumesa,Supermercado / Tienda de Autoservicio,Sumesa Sucursal San Angel,Cracovia 97 Esq. Revolucion. Col. San Angel. Cp. 01000,Ciudad de México,Álvaro Obregón,19.348299,-99.190362
Zanahoria,1 Kg. Granel. Mediana,S/M,Hortalizas Frescas,Frutas y Legumbres,18.9,2026/07/31,Sumesa,Supermercado / Tienda de Autoservicio,Sumesa Sucursal San Angel,Cracovia 97 Esq. Revolucion. Col. San Angel. Cp. 01000,Ciudad de México,Álvaro Obregón,19.348299,-99.190362
Acelga,Manojo,S/M,Hortalizas Frescas,Frutas y Legumbres,12.9,2026/07/31,Wal-mart Express,Supermercado / Tienda de Autoservicio,Walmart Express Sucursal Unidad Av. Toluca,Toluca 511. Entre Privada de los Angeles y Cerrada de Seminario. Col. Olivar de los Padres. Cp. 01780,Ciudad de México,Álvaro Obregón,19.338921,-99.218854
Aguacate,1 Kg. Granel. Hass,S/M,Frutas Frescas,Frutas y Legumbres,64,2026/07/31,Wal-mart Express,Supermercado / Tienda de Autoservicio,Walmart Express Sucursal Unidad Av. Toluca,Toluca 511. Entre Privada de los Angeles y Cerrada de Seminario. Col. Olivar de los Padres. Cp. 01780,Ciudad de México,Álvaro Obregón,19.338921,-99.218854
Alcachofa,Pieza,S/M,Hortalizas Frescas,Frutas y Legumbres,65,2026/07/31,Wal-mart Express,Supermercado / Tienda de Autoservicio,Walmart Express Sucursal Unidad Av. Toluca,Toluca 511. Entre Privada de los Angeles y Cerrada de Seminario. Col. Olivar de los Padres. Cp. 01780,Ciudad de México,Álvaro Obregón,19.338921,-99.218854
Apio,1 Kg. Granel,S/M,Hortalizas Frescas,Frutas y Legumbres,39.9,2026/07/31,Wal-mart Express,Supermercado / Tienda de Autoservicio,Walmart Express Sucursal Unidad Av. Toluca,Toluca 511. Entre Privada de los Angeles y Cerrada de Seminario. Col. Olivar de los Padres. Cp. 01780,Ciudad de México,Álvaro Obregón,19.338921,-99.218854
Betabel,1 Kg. Granel,S/M,Hortalizas Frescas,Frutas y Legumbres,39.9,2026/07/31,Wal-mart Express,Supermercado / Tienda de Autoservicio,Walmart Express Sucursal Unidad Av. Toluca,Toluca 511. Entre Privada de los Angeles y Cerrada de Seminario. Col. Olivar de los Padres. Cp. 01780,Ciudad de México,Álvaro Obregón,19.338921,-99.218854
Brócoli,1 Kg. Granel,S/M,Hortalizas Frescas,Frutas y Legumbres,64,2026/07/31,Wal-mart Express,Supermercado / Tienda de Autoservicio,Walmart Express Sucursal Unidad Av. Toluca,Toluca 511. Entre Privada de los Angeles y Cerrada de Seminario. Col. Olivar de los Padres. Cp. 01780,Ciudad de México,Álvaro Obregón,19.338921,-99.218854
Calabaza,1 Kg. Granel. Italiana/japonesa (Larga),S/M,Hortalizas Frescas,Frutas y Legumbres,36.9,2026/07/31,Wal-mart Express,Supermercado / Tienda de Autoservicio,Walmart Express Sucursal Unidad Av. Toluca,Toluca 511. Entre Privada de los Angeles y Cerrada de Seminario. Col. Olivar de los Padres. Cp. 01780,Ciudad de México,Álvaro Obregón,19.338921,-99.218854
Cebolla,1 Kg. Granel. Blanca Sin Rabo,S/M,Hortalizas Frescas,Frutas y Legumbres,42,2026/07/31,Wal-mart Express,Supermercado / Tienda de Autoservicio,Walmart Express Sucursal Unidad Av. Toluca,Toluca 511. Entre Privada de los Angeles y Cerrada de Seminario. Col. Olivar de los Padres. Cp. 01780,Ciudad de México,Álvaro Obregón,19.338921,-99.218854
Cebolla,1 Kg. Granel. Morada,S/M,Hortalizas Frescas,Frutas y Legumbres,46,2026/07/31,Wal-mart Express,Supermercado / Tienda de Autoservicio,Walmart Express Sucursal Unidad Av. Toluca,Toluca 511. Entre Privada de los Angeles y Cerrada de Seminario. Col. Olivar de los Padres. Cp. 01780,Ciudad de México,Álvaro Obregón,19.338921,-99.218854
Cebolla,Manojo. Cambray,S/M,Hortalizas Frescas,Frutas y Legumbres,16.9,2026/07/31,Wal-mart Express,Supermercado / Tienda de Autoservicio,Walmart Express Sucursal Unidad Av. Toluca,Toluca 511. Entre Privada de los Angeles y Cerrada de Seminario. Col. Olivar de los Padres. Cp. 01780,Ciudad de México,Álvaro Obregón,19.338921,-99.218854
Champiñones,1 Kg. Granel,S/M,Hortalizas Frescas,Frutas y Legumbres,110,2026/07/31,Wal-mart Express,Supermercado / Tienda de Autoservicio,Walmart Express Sucursal Unidad Av. Toluca,Toluca 511. Entre Privada de los Angeles y Cerrada de Seminario. Col. Olivar de los Padres. Cp. 01780,Ciudad de México,Álvaro Obregón,19.338921,-99.218854
Chayote,1 Kg. Granel. Sin Espinas,S/M,Hortalizas Frescas,Frutas y Legumbres,39.9,2026/07/31,Wal-mart Express,Supermercado / Tienda de Autoservicio,Walmart Express Sucursal Unidad Av. Toluca,Toluca 511. Entre Privada de los Angeles y Cerrada de Seminario. Col. Olivar de los Padres. Cp. 01780,Ciudad de México,Álvaro Obregón,19.338921,-99.218854
Chícharos,1 Kg. Granel. en Vaina,S/M,Hortalizas Frescas,Frutas y Legumbres,50,2026/07/31,Wal-mart Express,Supermercado / Tienda de Autoservicio,Walmart Express Sucursal Unidad Av. Toluca,Toluca 511. Entre Privada de los Angeles y Cerrada de Seminario. Col. Olivar de los Padres. Cp. 01780,Ciudad de México,Álvaro Obregón,19.338921,-99.218854
Chile Fresco,1 Kg. Granel. de Árbol Verde,S/M,Hortalizas Frescas,Frutas y Legumbres,199,2026/07/31,Wal-mart Express,Supermercado / Tienda de Autoservicio,Walmart Express Sucursal Unidad Av. Toluca,Toluca 511. Entre Privada de los Angeles y Cerrada de Seminario. Col. Olivar de los Padres. Cp. 01780,Ciudad de México,Álvaro Obregón,19.338921,-99.218854
Chile Fresco,1 Kg. Granel. Guero-largo,S/M,Hortalizas Frescas,Frutas y Legumbres,133,2026/07/31,Wal-mart Express,Supermercado / Tienda de Autoservicio,Walmart Express Sucursal Unidad Av. Toluca,Toluca 511. Entre Privada de los Angeles y Cerrada de Seminario. Col. Olivar de los Padres. Cp. 01780,Ciudad de México,Álvaro Obregón,19.338921,-99.218854
Chile Fresco,1 Kg. Granel. Habanero,S/M,Hortalizas Frescas,Frutas y Legumbres,134,2026/07/31,Wal-mart Express,Supermercado / Tienda de Autoservicio,Walmart Express Sucursal Unidad Av. Toluca,Toluca 511. Entre Privada de los Angeles y Cerrada de Seminario. Col. Olivar de los Padres. Cp. 01780,Ciudad de México,Álvaro Obregón,19.338921,-99.218854
Chile Fresco,1 Kg. Granel. Jalapeño o Cuaresmeño,S/M,Hortalizas Frescas,Frutas y Legumbres,25,2026/07/31,Wal-mart Express,Supermercado / Tienda de Autoservicio,Walmart Express Sucursal Unidad Av. Toluca,Toluca 511. Entre Privada de los Angeles y Cerrada de Seminario. Col. Olivar de los Padres. Cp. 01780,Ciudad de México,Álvaro Obregón,19.338921,-99.218854
Chile Fresco,1 Kg. Granel. Poblano o para Rellenar,S/M,Hortalizas Frescas,Frutas y Legumbres,61,2026/07/31,Wal-mart Express,Supermercado / Tienda de Autoservicio,Walmart Express Sucursal Unidad Av. Toluca,Toluca 511. Entre Privada de los Angeles y Cerrada de Seminario. Col. Olivar de los Padres. Cp. 01780,Ciudad de México,Álvaro Obregón,19.338921,-99.218854
Chile Fresco,1 Kg. Granel. Serrano,S/M,Hortalizas Frescas,Frutas y Legumbres,59,2026/07/31,Wal-mart Express,Supermercado / Tienda de Autoservicio,Walmart Express Sucursal Unidad Av. Toluca,Toluca 511. Entre Privada de los Angeles y Cerrada de Seminario. Col. Olivar de los Padres. Cp. 01780,Ciudad de México,Álvaro Obregón,19.338921,-99.218854
Cilantro,Manojo,S/M,Hortalizas Frescas,Frutas y Legumbres,10,2026/07/31,Wal-mart Express,Supermercado / Tienda de Autoservicio,Walmart Express Sucursal Unidad Av. Toluca,Toluca 511. Entre Privada de los Angeles y Cerrada de Seminario. Col. Olivar de los Padres. Cp. 01780,Ciudad de México,Álvaro Obregón,19.338921,-99.218854
Col,1 Kg. Granel. Blanca o Repollo,S/M,Hortalizas Frescas,Frutas y Legumbres,29.9,2026/07/31,Wal-mart Express,Supermercado / Tienda de Autoservicio,Walmart Express Sucursal Unidad Av. Toluca,Toluca 511. Entre Privada de los Angeles y Cerrada de Seminario. Col. Olivar de los Padres. Cp. 01780,Ciudad de México,Álvaro Obregón,19.338921,-99.218854
Col,1 Kg. Granel. Morada,S/M,Hortalizas Frescas,Frutas y Legumbres,65,2026/07/31,Wal-mart Express,Supermercado / Tienda de Autoservicio,Walmart Express Sucursal Unidad Av. Toluca,Toluca 511. Entre Privada de los Angeles y Cerrada de Seminario. Col. Olivar de los Padres. Cp. 01780,Ciudad de México,Álvaro Obregón,19.338921,-99.218854
Coliflor,Pieza,S/M,Hortalizas Frescas,Frutas y Legumbres,65,2026/07/31,Wal-mart Express,Supermercado / Tienda de Autoservicio,Walmart Express Sucursal Unidad Av. Toluca,Toluca 511. Entre Privada de los Angeles y Cerrada de Seminario. Col. Olivar de los Padres. Cp. 01780,Ciudad de México,Álvaro Obregón,19.338921,-99.218854
Durazno,1 Kg. Granel. Melocotón,S/M,Frutas Frescas,Frutas y Legumbres,74,2026/07/31,Wal-mart Express,Supermercado / Tienda de Autoservicio,Walmart Express Sucursal Unidad Av. Toluca,Toluca 511. Entre Privada de los Angeles y Cerrada de Seminario. Col. Olivar de los Padres. Cp. 01780,Ciudad de México,Álvaro Obregón,19.338921,-99.218854
Ejote,1 Kg. Granel. Verde,S/M,Hortalizas Frescas,Frutas y Legumbres,69,2026/07/31,Wal-mart Express,Supermercado / Tienda de Autoservicio,Walmart Express Sucursal Unidad Av. Toluca,Toluca 511. Entre Privada de los Angeles y Cerrada de Seminario. Col. Olivar de los Padres. Cp. 01780,Ciudad de México,Álvaro Obregón,19.338921,-99.218854
Elote,Pieza,S/M,Hortalizas Frescas,Frutas y Legumbres,15.9,2026/07/31,Wal-mart Express,Supermercado / Tienda de Autoservicio,Walmart Express Sucursal Unidad Av. Toluca,Toluca 511. Entre Privada de los Angeles y Cerrada de Seminario. Col. Olivar de los Padres. Cp. 01780,Ciudad de México,Álvaro Obregón,19.338921,-99.218854
Espinacas,Manojo,S/M,Hortalizas Frescas,Frutas y Legumbres,14.9,2026/07/31,Wal-mart Express,Supermercado / Tienda de Autoservicio,Walmart Express Sucursal Unidad Av. Toluca,Toluca 511. Entre Privada de los Angeles y Cerrada de Seminario. Col. Olivar de los Padres. Cp. 01780,Ciudad de México,Álvaro Obregón,19.338921,-99.218854
Fresa,Paquete o Canastilla 454 Gr.,S/M,Frutas Frescas,Frutas y Legumbres,78,2026/07/31,Wal-mart Express,Supermercado / Tienda de Autoservicio,Walmart Express Sucursal Unidad Av. Toluca,Toluca 511. Entre Privada de los Angeles y Cerrada de Seminario. Col. Olivar de los Padres. Cp. 01780,Ciudad de México,Álvaro Obregón,19.338921,-99.218854
Guayaba,1 Kg. Granel,S/M,Frutas Frescas,Frutas y Legumbres,69,2026/07/31,Wal-mart Express,Supermercado / Tienda de Autoservicio,Walmart Express Sucursal Unidad Av. Toluca,Toluca 511. Entre Privada de los Angeles y Cerrada de Seminario. Col. Olivar de los Padres. Cp. 01780,Ciudad de México,Álvaro Obregón,19.338921,-99.218854
Jitomate,1 Kg. Granel. Saladette/huaje o Tomate Saladette/huaje,S/M,Hortalizas Frescas,Frutas y Legumbres,16,2026/07/31,Wal-mart Express,Supermercado / Tienda de Autoservicio,Walmart Express Sucursal Unidad Av. Toluca,Toluca 511. Entre Privada de los Angeles y Cerrada de Seminario. Col. Olivar de los Padres. Cp. 01780,Ciudad de México,Álvaro Obregón,19.338921,-99.218854
Kiwi,1 Kg. Granel,S/M,Frutas Frescas,Frutas y Legumbres,76,2026/07/31,Wal-mart Express,Supermercado / Tienda de Autoservicio,Walmart Express Sucursal Unidad Av. Toluca,Toluca 511. Entre Privada de los Angeles y Cerrada de Seminario. Col. Olivar de los Padres. Cp. 01780,Ciudad de México,Álvaro Obregón,19.338921,-99.218854
Lechuga,Pieza. Orejona o Larga,S/M,Hortalizas Frescas,Frutas y Legumbres,26.9,2026/07/31,Wal-mart Express,Supermercado / Tienda de Autoservicio,Walmart Express Sucursal Unidad Av. Toluca,Toluca 511. Entre Privada de los Angeles y Cerrada de Seminario. Col. Olivar de los Padres. Cp. 01780,Ciudad de México,Álvaro Obregón,19.338921,-99.218854
Lechuga,Pieza. Romana,S/M,Hortalizas Frescas,Frutas y Legumbres,24.9,2026/07/31,Wal-mart Express,Supermercado / Tienda de Autoservicio,Walmart Express Sucursal Unidad Av. Toluca,Toluca 511. Entre Privada de los Angeles y Cerrada de Seminario. Col. Olivar de los Padres. Cp. 01780,Ciudad de México,Álvaro Obregón,19.338921,-99.218854
Limón,1 Kg. Granel. Agrio con Semilla o Colima,S/M,Frutas Frescas,Frutas y Legumbres,40,2026/07/31,Wal-mart Express,Supermercado / Tienda de Autoservicio,Walmart Express Sucursal Unidad Av. Toluca,Toluca 511. Entre Privada de los Angeles y Cerrada de Seminario. Col. Olivar de los Padres. Cp. 01780,Ciudad de México,Álvaro Obregón,19.338921,-99.218854
Limón,1 Kg. Granel. Agrio Sin Semilla o Persa,S/M,Frutas Frescas,Frutas y Legumbres,40,2026/07/31,Wal-mart Express,Supermercado / Tienda de Autoservicio,Walmart Express Sucursal Unidad Av. Toluca,Toluca 511. Entre Privada de los Angeles y Cerrada de Seminario. Col. Olivar de los Padres. Cp. 01780,Ciudad de México,Álvaro Obregón,19.338921,-99.218854
Mamey,1 Kg. Granel,S/M,Frutas Frescas,Frutas y Legumbres,47.9,2026/07/31,Wal-mart Express,Supermercado / Tienda de Autoservicio,Walmart Express Sucursal Unidad Av. Toluca,Toluca 511. Entre Privada de los Angeles y Cerrada de Seminario. Col. Olivar de los Padres. Cp. 01780,Ciudad de México,Álvaro Obregón,19.338921,-99.218854
Mandarina,1 Kg. Granel,S/M,Frutas Frescas,Frutas y Legumbres,49.9,2026/07/31,Wal-mart Express,Supermercado / Tienda de Autoservicio,Walmart Express Sucursal Unidad Av. Toluca,Toluca 511. Entre Privada de los Angeles y Cerrada de Seminario. Col. Olivar de los Padres. Cp. 01780,Ciudad de México,Álvaro Obregón,19.338921,-99.218854
Mango,1 Kg. Granel. Ataulfo,S/M,Frutas Frescas,Frutas y Legumbres,42,2026/07/31,Wal-mart Express,Supermercado / Tienda de Autoservicio,Walmart Express Sucursal Unidad Av. Toluca,Toluca 511. Entre Privada de los Angeles y Cerrada de Seminario. Col. Olivar de los Padres. Cp. 01780,Ciudad de México,Álvaro Obregón,19.338921,-99.218854
Mango,1 Kg. Granel. Manila,S/M,Frutas Frescas,Frutas y Legumbres,42,2026/07/31,Wal-mart Express,Supermercado / Tienda de Autoservicio,Walmart Express Sucursal Unidad Av. Toluca,Toluca 511. Entre Privada de los Angeles y Cerrada de Seminario. Col. Olivar de los Padres. Cp. 01780,Ciudad de México,Álvaro Obregón,19.338921,-99.218854
Mango,1 Kg. Granel. Paraiso Petacón,S/M,Frutas Frescas,Frutas y Legumbres,25,2026/07/31,Wal-mart Express,Supermercado / Tienda de Autoservicio,Walmart Express Sucursal Unidad Av. Toluca,Toluca 511. Entre Privada de los Angeles y Cerrada de Seminario. Col. Olivar de los Padres. Cp. 01780,Ciudad de México,Álvaro Obregón,19.338921,-99.218854
Manzana,1 Kg. Granel. Granny Smith,S/M,Frutas Frescas,Frutas y Legumbres,40,2026/07/31,Wal-mart Express,Supermercado / Tienda de Autoservicio,Walmart Express Sucursal Unidad Av. Toluca,Toluca 511. Entre Privada de los Angeles y Cerrada de Seminario. Col. Olivar de los Padres. Cp. 01780,Ciudad de México,Álvaro Obregón,19.338921,-99.218854
Manzana,1 Kg. Granel. Red Delicious/roja/roja Mediana/roja Americana,S/M,Frutas Frescas,Frutas y Legumbres,39,2026/07/31,Wal-mart Express,Supermercado / Tienda de Autoservicio,Walmart Express Sucursal Unidad Av. Toluca,Toluca 511. Entre Privada de los Angeles y Cerrada de Seminario. Col. Olivar de los Padres. Cp. 01780,Ciudad de México,Álvaro Obregón,19.338921,-99.218854
Manzana,1 Kg. Granel. Royal Gala,S/M,Frutas Frescas,Frutas y Legumbres,48,2026/07/31,Wal-mart Express,Supermercado / Tienda de Autoservicio,Walmart Express Sucursal Unidad Av. Toluca,Toluca 511. Entre Privada de los Angeles y Cerrada de Seminario. Col. Olivar de los Padres. Cp. 01780,Ciudad de México,Álvaro Obregón,19.338921,-99.218854
Melón,1 Kg. Granel. Chino,S/M,Frutas Frescas,Frutas y Legumbres,34,2026/07/31,Wal-mart Express,Supermercado / Tienda de Autoservicio,Walmart Express Sucursal Unidad Av. Toluca,Toluca 511. Entre Privada de los Angeles y Cerrada de Seminario. Col. Olivar de los Padres. Cp. 01780,Ciudad de México,Álvaro Obregón,19.338921,-99.218854
Melón,1 Kg. Granel. Valenciano o Amarillo,S/M,Frutas Frescas,Frutas y Legumbres,36,2026/07/31,Wal-mart Express,Supermercado / Tienda de Autoservicio,Walmart Express Sucursal Unidad Av. Toluca,Toluca 511. Entre Privada de los Angeles y Cerrada de Seminario. Col. Olivar de los Padres. Cp. 01780,Ciudad de México,Álvaro Obregón,19.338921,-99.218854
Naranja,1 Kg. Granel. Valencia,S/M,Frutas Frescas,Frutas y Legumbres,42,2026/07/31,Wal-mart Express,Supermercado / Tienda de Autoservicio,Walmart Express Sucursal Unidad Av. Toluca,Toluca 511. Entre Privada de los Angeles y Cerrada de Seminario. Col. Olivar de los Padres. Cp. 01780,Ciudad de México,Álvaro Obregón,19.338921,-99.218854
Nopal,1 Kg. Granel. Sin Espinas,S/M,Hortalizas Frescas,Frutas y Legumbres,29,2026/07/31,Wal-mart Express,Supermercado / Tienda de Autoservicio,Walmart Express Sucursal Unidad Av. Toluca,Toluca 511. Entre Privada de los Angeles y Cerrada de Seminario. Col. Olivar de los Padres. Cp. 01780,Ciudad de México,Álvaro Obregón,19.338921,-99.218854
Papa,1 Kg. Granel. Alfa/blanca,S/M,Hortalizas Frescas,Frutas y Legumbres,66,2026/07/31,Wal-mart Express,Supermercado / Tienda de Autoservicio,Walmart Express Sucursal Unidad Av. Toluca,Toluca 511. Entre Privada de los Angeles y Cerrada de Seminario. Col. Olivar de los Padres. Cp. 01780,Ciudad de México,Álvaro Obregón,19.338921,-99.218854
Papaya,1 Kg. Granel. Maradol,S/M,Frutas Frescas,Frutas y Legumbres,42,2026/07/31,Wal-mart Express,Supermercado / Tienda de Autoservicio,Walmart Express Sucursal Unidad Av. Toluca,Toluca 511. Entre Privada de los Angeles y Cerrada de Seminario. Col. Olivar de los Padres. Cp. 01780,Ciudad de México,Álvaro Obregón,19.338921,-99.218854
Pera,1 Kg. Granel. D´anjou,S/M,Frutas Frescas,Frutas y Legumbres,48,2026/07/31,Wal-mart Express,Supermercado / Tienda de Autoservicio,Walmart Express Sucursal Unidad Av. Toluca,Toluca 511. Entre Privada de los Angeles y Cerrada de Seminario. Col. Olivar de los Padres. Cp. 01780,Ciudad de México,Álvaro Obregón,19.338921,-99.218854
Perón,1 Kg. Granel. Golden,S/M,Frutas Frescas,Frutas y Legumbres,58,2026/07/31,Wal-mart Express,Supermercado / Tienda de Autoservicio,Walmart Express Sucursal Unidad Av. Toluca,Toluca 511. Entre Privada de los Angeles y Cerrada de Seminario. Col. Olivar de los Padres. Cp. 01780,Ciudad de México,Álvaro Obregón,19.338921,-99.218854
Pimiento,1 Kg. Granel. Morrón Verde,S/M,Hortalizas Frescas,Frutas y Legumbres,82,2026/07/31,Wal-mart Express,Supermercado / Tienda de Autoservicio,Walmart Express Sucursal Unidad Av. Toluca,Toluca 511. Entre Privada de los Angeles y Cerrada de Seminario. Col. Olivar de los Padres. Cp. 01780,Ciudad de México,Álvaro Obregón,19.338921,-99.218854
Piña,1 Kg. Granel. Miel,S/M,Frutas Frescas,Frutas y Legumbres,25,2026/07/31,Wal-mart Express,Supermercado / Tienda de Autoservicio,Walmart Express Sucursal Unidad Av. Toluca,Toluca 511. Entre Privada de los Angeles y Cerrada de Seminario. Col. Olivar de los Padres. Cp. 01780,Ciudad de México,Álvaro Obregón,19.338921,-99.218854
Plátano,1 Kg. Granel. Tabasco/chiapas/roatán/portalimón,S/M,Frutas Frescas,Frutas y Legumbres,24,2026/07/31,Wal-mart Express,Supermercado / Tienda de Autoservicio,Walmart Express Sucursal Unidad Av. Toluca,Toluca 511. Entre Privada de los Angeles y Cerrada de Seminario. Col. Olivar de los Padres. Cp. 01780,Ciudad de México,Álvaro Obregón,19.338921,-99.218854
Rábano,Bolsa. Cambray,S/M,Hortalizas Frescas,Frutas y Legumbres,24.9,2026/07/31,Wal-mart Express,Supermercado / Tienda de Autoservicio,Walmart Express Sucursal Unidad Av. Toluca,Toluca 511. Entre Privada de los Angeles y Cerrada de Seminario. Col. Olivar de los Padres. Cp. 01780,Ciudad de México,Álvaro Obregón,19.338921,-99.218854
Sandía,1 Kg. Granel. Charleston. Rayada o Roja,S/M,Frutas Frescas,Frutas y Legumbres,12.9,2026/07/31,Wal-mart Express,Supermercado / Tienda de Autoservicio,Walmart Express Sucursal Unidad Av. Toluca,Toluca 511. Entre Privada de los Angeles y Cerrada de Seminario. Col. Olivar de los Padres. Cp. 01780,Ciudad de México,Álvaro Obregón,19.338921,-99.218854
Tamarindo,Bolsa 500 Gr.,S/M,Productos de Temporada (Navideños),Frutas y Legumbres,93,2026/07/31,Wal-mart Express,Supermercado / Tienda de Autoservicio,Walmart Express Sucursal Unidad Av. Toluca,Toluca 511. Entre Privada de los Angeles y Cerrada de Seminario. Col. Olivar de los Padres. Cp. 01780,Ciudad de México,Álvaro Obregón,19.338921,-99.218854
Tomate,1 Kg. Granel. Verde Sin Cáscara,S/M,Hortalizas Frescas,Frutas y Legumbres,37.9,2026/07/31,Wal-mart Express,Supermercado / Tienda de Autoservicio,Walmart Express Sucursal Unidad Av. Toluca,Toluca 511. Entre Privada de los Angeles y Cerrada de Seminario. Col. Olivar de los Padres. Cp. 01780,Ciudad de México,Álvaro Obregón,19.338921,-99.218854
Toronja,1 Kg. Granel. o Toronja Sangría,S/M,Frutas Frescas,Frutas y Legumbres,30,2026/07/31,Wal-mart Express,Supermercado / Tienda de Autoservicio,Walmart Express Sucursal Unidad Av. Toluca,Toluca 511. Entre Privada de los Angeles y Cerrada de Seminario. Col. Olivar de los Padres. Cp. 01780,Ciudad de México,Álvaro Obregón,19.338921,-99.218854
Tuna,1 Kg. Granel. o Tuna Blanca,S/M,Frutas Frescas,Frutas y Legumbres,39.9,2026/07/31,Wal-mart Express,Supermercado / Tienda de Autoservicio,Walmart Express Sucursal Unidad Av. Toluca,Toluca 511. Entre Privada de los Angeles y Cerrada de Seminario. Col. Olivar de los Padres. Cp. 01780,Ciudad de México,Álvaro Obregón,19.338921,-99.218854
Uva,1 Kg. Granel. Globo o Red Globo,S/M,Frutas Frescas,Frutas y Legumbres,48,2026/07/31,Wal-mart Express,Supermercado / Tienda de Autoservicio,Walmart Express Sucursal Unidad Av. Toluca,Toluca 511. Entre Privada de los Angeles y Cerrada de Seminario. Col. Olivar de los Padres. Cp. 01780,Ciudad de México,Álvaro Obregón,19.338921,-99.218854
Verdolaga,1 Kg. Granel,S/M,Hortalizas Frescas,Frutas y Legumbres,49.9,2026/07/31,Wal-mart Express,Supermercado / Tienda de Autoservicio,Walmart Express Sucursal Unidad Av. Toluca,Toluca 511. Entre Privada de los Angeles y Cerrada de Seminario. Col. Olivar de los Padres. Cp. 01780,Ciudad de México,Álvaro Obregón,19.338921,-99.218854
Zanahoria,1 Kg. Granel. Mediana,S/M,Hortalizas Frescas,Frutas y Legumbres,18,2026/07/31,Wal-mart Express,Supermercado / Tienda de Autoservicio,Walmart Express Sucursal Unidad Av. Toluca,Toluca 511. Entre Privada de los Angeles y Cerrada de Seminario. Col. Olivar de los Padres. Cp. 01780,Ciudad de México,Álvaro Obregón,19.338921,-99.218854
Acelga,Manojo,S/M,Hortalizas Frescas,Frutas y Legumbres,13.5,2026/07/16,Hipermercado Soriana,Supermercado / Tienda de Autoservicio,Soriana Hiper Sucursal Pabellon Azcapotzalco,Av. Aquiles Serdan 400. Esq. Camino a Nextengo. Col. Nextengo. Cp. 02070,Ciudad de México,Azcapotzalco,19.473202,-99.189433
Aguacate,1 Kg. Granel. Hass,S/M,Frutas Frescas,Frutas y Legumbres,61,2026/07/16,Hipermercado Soriana,Supermercado / Tienda de Autoservicio,Soriana Hiper Sucursal Pabellon Azcapotzalco,Av. Aquiles Serdan 400. Esq. Camino a Nextengo. Col. Nextengo. Cp. 02070,Ciudad de México,Azcapotzalco,19.473202,-99.189433
Ajo,1 Kg. Granel. o Ajo Morado,S/M,Hortalizas Frescas,Frutas y Legumbres,199,2026/07/16,Hipermercado Soriana,Supermercado / Tienda de Autoservicio,Soriana Hiper Sucursal Pabellon Azcapotzalco,Av. Aquiles Serdan 400. Esq. Camino a Nextengo. Col. Nextengo. Cp. 02070,Ciudad de México,Azcapotzalco,19.473202,-99.189433
Apio,1 Kg. Granel,S/M,Hortalizas Frescas,Frutas y Legumbres,38,2026/07/16,Hipermercado Soriana,Supermercado / Tienda de Autoservicio,Soriana Hiper Sucursal Pabellon Azcapotzalco,Av. Aquiles Serdan 400. Esq. Camino a Nextengo. Col. Nextengo. Cp. 02070,Ciudad de México,Azcapotzalco,19.473202,-99.189433
Betabel,1 Kg. Granel,S/M,Hortalizas Frescas,Frutas y Legumbres,33.9,2026/07/16,Hipermercado Soriana,Supermercado / Tienda de Autoservicio,Soriana Hiper Sucursal Pabellon Azcapotzalco,Av. Aquiles Serdan 400. Esq. Camino a Nextengo. Col. Nextengo. Cp. 02070,Ciudad de México,Azcapotzalco,19.473202,-99.189433
Calabaza,1 Kg. Granel. Italiana/japonesa (Larga),S/M,Hortalizas Frescas,Frutas y Legumbres,39.9,2026/07/16,Hipermercado Soriana,Supermercado / Tienda de Autoservicio,Soriana Hiper Sucursal Pabellon Azcapotzalco,Av. Aquiles Serdan 400. Esq. Camino a Nextengo. Col. Nextengo. Cp. 02070,Ciudad de México,Azcapotzalco,19.473202,-99.189433
Cebolla,1 Kg. Granel. Blanca Sin Rabo,S/M,Hortalizas Frescas,Frutas y Legumbres,34.9,2026/07/16,Hipermercado Soriana,Supermercado / Tienda de Autoservicio,Soriana Hiper Sucursal Pabellon Azcapotzalco,Av. Aquiles Serdan 400. Esq. Camino a Nextengo. Col. Nextengo. Cp. 02070,Ciudad de México,Azcapotzalco,19.473202,-99.189433
Cebolla,1 Kg. Granel. Morada,S/M,Hortalizas Frescas,Frutas y Legumbres,22.9,2026/07/16,Hipermercado Soriana,Supermercado / Tienda de Autoservicio,Soriana Hiper Sucursal Pabellon Azcapotzalco,Av. Aquiles Serdan 400. Esq. Camino a Nextengo. Col. Nextengo. Cp. 02070,Ciudad de México,Azcapotzalco,19.473202,-99.189433
Cebolla,Manojo. Cambray,S/M,Hortalizas Frescas,Frutas y Legumbres,14.9,2026/07/16,Hipermercado Soriana,Supermercado / Tienda de Autoservicio,Soriana Hiper Sucursal Pabellon Azcapotzalco,Av. Aquiles Serdan 400. Esq. Camino a Nextengo. Col. Nextengo. Cp. 02070,Ciudad de México,Azcapotzalco,19.473202,-99.189433
Champiñones,1 Kg. Granel,S/M,Hortalizas Frescas,Frutas y Legumbres,89.9,2026/07/16,Hipermercado Soriana,Supermercado / Tienda de Autoservicio,Soriana Hiper Sucursal Pabellon Azcapotzalco,Av. Aquiles Serdan 400. Esq. Camino a Nextengo. Col. Nextengo. Cp. 02070,Ciudad de México,Azcapotzalco,19.473202,-99.189433
Chayote,1 Kg. Granel. Sin Espinas,S/M,Hortalizas Frescas,Frutas y Legumbres,34.9,2026/07/16,Hipermercado Soriana,Supermercado / Tienda de Autoservicio,Soriana Hiper Sucursal Pabellon Azcapotzalco,Av. Aquiles Serdan 400. Esq. Camino a Nextengo. Col. Nextengo. Cp. 02070,Ciudad de México,Azcapotzalco,19.473202,-99.189433
Chícharos,1 Kg. Granel. en Vaina,S/M,Hortalizas Frescas,Frutas y Legumbres,74.9,2026/07/16,Hipermercado Soriana,Supermercado / Tienda de Autoservicio,Soriana Hiper Sucursal Pabellon Azcapotzalco,Av. Aquiles Serdan 400. Esq. Camino a Nextengo. Col. Nextengo. Cp. 02070,Ciudad de México,Azcapotzalco,19.473202,-99.189433
Chile Fresco,1 Kg. Granel. Jalapeño o Cuaresmeño,S/M,Hortalizas Frescas,Frutas y Legumbres,28.9,2026/07/16,Hipermercado Soriana,Supermercado / Tienda de Autoservicio,Soriana Hiper Sucursal Pabellon Azcapotzalco,Av. Aquiles Serdan 400. Esq. Camino a Nextengo. Col. Nextengo. Cp. 02070,Ciudad de México,Azcapotzalco,19.473202,-99.189433
Chile Fresco,1 Kg. Granel. Poblano o para Rellenar,S/M,Hortalizas Frescas,Frutas y Legumbres,61.5,2026/07/16,Hipermercado Soriana,Supermercado / Tienda de Autoservicio,Soriana Hiper Sucursal Pabellon Azcapotzalco,Av. Aquiles Serdan 400. Esq. Camino a Nextengo. Col. Nextengo. Cp. 02070,Ciudad de México,Azcapotzalco,19.473202,-99.189433
Chile Fresco,1 Kg. Granel. Serrano,S/M,Hortalizas Frescas,Frutas y Legumbres,66,2026/07/16,Hipermercado Soriana,Supermercado / Tienda de Autoservicio,Soriana Hiper Sucursal Pabellon Azcapotzalco,Av. Aquiles Serdan 400. Esq. Camino a Nextengo. Col. Nextengo. Cp. 02070,Ciudad de México,Azcapotzalco,19.473202,-99.189433
Cilantro,Manojo,S/M,Hortalizas Frescas,Frutas y Legumbres,12.9,2026/07/16,Hipermercado Soriana,Supermercado / Tienda de Autoservicio,Soriana Hiper Sucursal Pabellon Azcapotzalco,Av. Aquiles Serdan 400. Esq. Camino a Nextengo. Col. Nextengo. Cp. 02070,Ciudad de México,Azcapotzalco,19.473202,-99.189433
Col,1 Kg. Granel. Blanca o Repollo,S/M,Hortalizas Frescas,Frutas y Legumbres,25.9,2026/07/16,Hipermercado Soriana,Supermercado / Tienda de Autoservicio,Soriana Hiper Sucursal Pabellon Azcapotzalco,Av. Aquiles Serdan 400. Esq. Camino a Nextengo. Col. Nextengo. Cp. 02070,Ciudad de México,Azcapotzalco,19.473202,-99.189433
Col,1 Kg. Granel. Morada,S/M,Hortalizas Frescas,Frutas y Legumbres,38.9,2026/07/16,Hipermercado Soriana,Supermercado / Tienda de Autoservicio,Soriana Hiper Sucursal Pabellon Azcapotzalco,Av. Aquiles Serdan 400. Esq. Camino a Nextengo. Col. Nextengo. Cp. 02070,Ciudad de México,Azcapotzalco,19.473202,-99.189433
Ejote,1 Kg. Granel. Verde,S/M,Hortalizas Frescas,Frutas y Legumbres,69.9,2026/07/16,Hipermercado Soriana,Supermercado / Tienda de Autoservicio,Soriana Hiper Sucursal Pabellon Azcapotzalco,Av. Aquiles Serdan 400. Esq. Camino a Nextengo. Col. Nextengo. Cp. 02070,Ciudad de México,Azcapotzalco,19.473202,-99.189433
Espinacas,Manojo,S/M,Hortalizas Frescas,Frutas y Legumbres,13.9,2026/07/16,Hipermercado Soriana,Supermercado / Tienda de Autoservicio,Soriana Hiper Sucursal Pabellon Azcapotzalco,Av. Aquiles Serdan 400. Esq. Camino a Nextengo. Col. Nextengo. Cp. 02070,Ciudad de México,Azcapotzalco,19.473202,-99.189433
Fresa,Paquete o Canastilla 454 Gr.,S/M,Frutas Frescas,Frutas y Legumbres,80.9,2026/07/16,Hipermercado Soriana,Supermercado / Tienda de Autoservicio,Soriana Hiper Sucursal Pabellon Azcapotzalco,Av. Aquiles Serdan 400. Esq. Camino a Nextengo. Col. Nextengo. Cp. 02070,Ciudad de México,Azcapotzalco,19.473202,-99.189433
Jamaica,1 Kg. Granel,S/M,Productos de Temporada (Navideños),Frutas y Legumbres,289.9,2026/07/16,Hipermercado Soriana,Supermercado / Tienda de Autoservicio,Soriana Hiper Sucursal Pabellon Azcapotzalco,Av. Aquiles Serdan 400. Esq. Camino a Nextengo. Col. Nextengo. Cp. 02070,Ciudad de México,Azcapotzalco,19.473202,-99.189433
Jícama,1 Kg. Granel,S/M,Productos de Temporada (Navideños),Frutas y Legumbres,29.9,2026/07/16,Hipermercado Soriana,Supermercado / Tienda de Autoservicio,Soriana Hiper Sucursal Pabellon Azcapotzalco,Av. Aquiles Serdan 400. Esq. Camino a Nextengo. Col. Nextengo. Cp. 02070,Ciudad de México,Azcapotzalco,19.473202,-99.189433
Jitomate,1 Kg. Granel. Bola/sinaloa o Tomate Bola,S/M,Hortalizas Frescas,Frutas y Legumbres,19.9,2026/07/16,Hipermercado Soriana,Supermercado / Tienda de Autoservicio,Soriana Hiper Sucursal Pabellon Azcapotzalco,Av. Aquiles Serdan 400. Esq. Camino a Nextengo. Col. Nextengo. Cp. 02070,Ciudad de México,Azcapotzalco,19.473202,-99.189433
Jitomate,1 Kg. Granel. Saladette/huaje o Tomate Saladette/huaje,S/M,Hortalizas Frescas,Frutas y Legumbres,24.9,2026/07/16,Hipermercado Soriana,Supermercado / Tienda de Autoservicio,Soriana Hiper Sucursal Pabellon Azcapotzalco,Av. Aquiles Serdan 400. Esq. Camino a Nextengo. Col. Nextengo. Cp. 02070,Ciudad de México,Azcapotzalco,19.473202,-99.189433
Kiwi,1 Kg. Granel,S/M,Frutas Frescas,Frutas y Legumbres,103,2026/07/16,Hipermercado Soriana,Supermercado / Tienda de Autoservicio,Soriana Hiper Sucursal Pabellon Azcapotzalco,Av. Aquiles Serdan 400. Esq. Camino a Nextengo. Col. Nextengo. Cp. 02070,Ciudad de México,Azcapotzalco,19.473202,-99.189433
Lechuga,Pieza. Romana,S/M,Hortalizas Frescas,Frutas y Legumbres,16.9,2026/07/16,Hipermercado Soriana,Supermercado / Tienda de Autoservicio,Soriana Hiper Sucursal Pabellon Azcapotzalco,Av. Aquiles Serdan 400. Esq. Camino a Nextengo. Col. Nextengo. Cp. 02070,Ciudad de México,Azcapotzalco,19.473202,-99.189433
Limón,1 Kg. Granel. Agrio con Semilla o Colima,S/M,Frutas Frescas,Frutas y Legumbres,32,2026/07/16,Hipermercado Soriana,Supermercado / Tienda de Autoservicio,Soriana Hiper Sucursal Pabellon Azcapotzalco,Av. Aquiles Serdan 400. Esq. Camino a Nextengo. Col. Nextengo. Cp. 02070,Ciudad de México,Azcapotzalco,19.473202,-99.189433
Mango,1 Kg. Granel. Ataulfo,S/M,Frutas Frescas,Frutas y Legumbres,42.9,2026/07/16,Hipermercado Soriana,Supermercado / Tienda de Autoservicio,Soriana Hiper Sucursal Pabellon Azcapotzalco,Av. Aquiles Serdan 400. Esq. Camino a Nextengo. Col. Nextengo. Cp. 02070,Ciudad de México,Azcapotzalco,19.473202,-99.189433
Mango,1 Kg. Granel. Paraiso Petacón,S/M,Frutas Frescas,Frutas y Legumbres,25.9,2026/07/16,Hipermercado Soriana,Supermercado / Tienda de Autoservicio,Soriana Hiper Sucursal Pabellon Azcapotzalco,Av. Aquiles Serdan 400. Esq. Camino a Nextengo. Col. Nextengo. Cp. 02070,Ciudad de México,Azcapotzalco,19.473202,-99.189433
Manzana,1 Kg. Granel. Golden,S/M,Frutas Frescas,Frutas y Legumbres,59.8,2026/07/16,Hipermercado Soriana,Supermercado / Tienda de Autoservicio,Soriana Hiper Sucursal Pabellon Azcapotzalco,Av. Aquiles Serdan 400. Esq. Camino a Nextengo. Col. Nextengo. Cp. 02070,Ciudad de México,Azcapotzalco,19.473202,-99.189433
Manzana,1 Kg. Granel. Granny Smith,S/M,Frutas Frescas,Frutas y Legumbres,59.8,2026/07/16,Hipermercado Soriana,Supermercado / Tienda de Autoservicio,Soriana Hiper Sucursal Pabellon Azcapotzalco,Av. Aquiles Serdan 400. Esq. Camino a Nextengo. Col. Nextengo. Cp. 02070,Ciudad de México,Azcapotzalco,19.473202,-99.189433
Manzana,1 Kg. Granel. Red Delicious/roja/roja Mediana/roja Americana,S/M,Frutas Frescas,Frutas y Legumbres,37.8,2026/07/16,Hipermercado Soriana,Supermercado / Tienda de Autoservicio,Soriana Hiper Sucursal Pabellon Azcapotzalco,Av. Aquiles Serdan 400. Esq. Camino a Nextengo. Col. Nextengo. Cp. 02070,Ciudad de México,Azcapotzalco,19.473202,-99.189433
Manzana,1 Kg. Granel. Royal Gala,S/M,Frutas Frescas,Frutas y Legumbres,43.8,2026/07/16,Hipermercado Soriana,Supermercado / Tienda de Autoservicio,Soriana Hiper Sucursal Pabellon Azcapotzalco,Av. Aquiles Serdan 400. Esq. Camino a Nextengo. Col. Nextengo. Cp. 02070,Ciudad de México,Azcapotzalco,19.473202,-99.189433
Melón,1 Kg. Granel. Chino,S/M,Frutas Frescas,Frutas y Legumbres,30.9,2026/07/16,Hipermercado Soriana,Supermercado / Tienda de Autoservicio,Soriana Hiper Sucursal Pabellon Azcapotzalco,Av. Aquiles Serdan 400. Esq. Camino a Nextengo. Col. Nextengo. Cp. 02070,Ciudad de México,Azcapotzalco,19.473202,-99.189433
Naranja,1 Kg.,S/M,Frutas Frescas,Frutas y Legumbres,39.9,2026/07/16,Hipermercado Soriana,Supermercado / Tienda de Autoservicio,Soriana Hiper Sucursal Pabellon Azcapotzalco,Av. Aquiles Serdan 400. Esq. Camino a Nextengo. Col. Nextengo. Cp. 02070,Ciudad de México,Azcapotzalco,19.473202,-99.189433
Nopal,1 Kg. Granel. Sin Espinas,S/M,Hortalizas Frescas,Frutas y Legumbres,44.9,2026/07/16,Hipermercado Soriana,Supermercado / Tienda de Autoservicio,Soriana Hiper Sucursal Pabellon Azcapotzalco,Av. Aquiles Serdan 400. Esq. Camino a Nextengo. Col. Nextengo. Cp. 02070,Ciudad de México,Azcapotzalco,19.473202,-99.189433
Papa,1 Kg. Granel. Alfa/blanca,S/M,Hortalizas Frescas,Frutas y Legumbres,46.9,2026/07/16,Hipermercado Soriana,Supermercado / Tienda de Autoservicio,Soriana Hiper Sucursal Pabellon Azcapotzalco,Av. Aquiles Serdan 400. Esq. Camino a Nextengo. Col. Nextengo. Cp. 02070,Ciudad de México,Azcapotzalco,19.473202,-99.189433
Papaya,1 Kg. Granel. Maradol,S/M,Frutas Frescas,Frutas y Legumbres,38.9,2026/07/16,Hipermercado Soriana,Supermercado / Tienda de Autoservicio,Soriana Hiper Sucursal Pabellon Azcapotzalco,Av. Aquiles Serdan 400. Esq. Camino a Nextengo. Col. Nextengo. Cp. 02070,Ciudad de México,Azcapotzalco,19.473202,-99.189433
